,position_x,position_y,position_z,quat_x,quat_y,quat_z,quat_w,t
0,-0.020133235281155848,-1.2659245357374929,20.0,0.0,0.0,0.6957180342906929,0.7183149843645851,2344.376
1,-0.020133235281155848,-1.2659245357374929,20.0,0.0,0.0,0.6957180342906929,0.7183149843645851,2344.392
2,-0.020133235281155848,-1.2659245357374929,20.0,0.0,0.0,0.6957180342906929,0.7183149843645851,2344.412
3,-0.020133235281155848,-1.2659245357374929,20.0,0.0,0.0,0.6957180342906929,0.7183149843645851,2344.432
4,-0.020133235281155848,-1.2659245357374929,20.0,0.0,0.0,0.6957180342906929,0.7183149843645851,2344.452
5,-0.020133235281155848,-1.2659245357374929,20.0,0.0,0.0,0.6957180342906929,0.7183149843645851,2344.472
6,-0.020133235281155848,-1.2659245357374929,20.0,0.0,0.0,0.6957180342906929,0.7183149843645851,2344.492
7,-0.020133235281155848,-1.2659245357374929,20.0,0.0,0.0,0.6957180342906929,0.7183149843645851,2344.512
8,-0.020133235281155848,-1.2659245357374929,20.0,0.0,0.0,0.6957180342906929,0.7183149843645851,2344.532
9,-0.020133235281155848,-1.2659245357374929,20.0,0.0,0.0,0.6957180342906929,0.7183149843645851,2344.576
10,-0.020133235281155848,-1.2659245357374929,20.0,0.0,0.0,0.6957180342906929,0.7183149843645851,2344.576
11,-0.020133235281155848,-1.2659245357374929,20.0,0.0,0.0,0.6957180342906929,0.7183149843645851,2344.596
12,-0.020133235281155848,-1.2659245357374929,20.0,0.0,0.0,0.6957180342906929,0.7183149843645851,2344.612
13,-0.020133235281155848,-1.2659245357374929,20.0,0.0,0.0,0.6957180342906929,0.7183149843645851,2344.656
14,-0.020133235281155848,-1.2659245357374929,20.0,0.0,0.0,0.6957180342906929,0.7183149843645851,2344.656
15,-0.020133235281155848,-1.2659245357374929,20.0,0.0,0.0,0.6957180342906929,0.7183149843645851,2344.692
16,-0.020133235281155848,-1.2659245357374929,20.0,0.0,0.0,0.6957180342906929,0.7183149843645851,2344.692
17,-0.020133235281155848,-1.2659245357374929,20.0,0.0,0.0,0.6957180342906929,0.7183149843645851,2344.712
18,-0.020133235281155848,-1.2659245357374929,20.0,0.0,0.0,0.6957180342906929,0.7183149843645851,2344.732
19,-0.020133235281155848,-1.2659245357374929,20.0,0.0,0.0,0.6957180342906929,0.7183149843645851,2344.768
20,-0.020133235281155848,-1.2659245357374929,20.0,0.0,0.0,0.6957180342906929,0.7183149843645851,2344.796
21,-0.020133235281155848,-1.2659245357374929,20.0,0.0,0.0,0.6957180342906929,0.7183149843645851,2344.796
22,-0.020133235281155848,-1.2659245357374929,20.0,0.0,0.0,0.6957180342906929,0.7183149843645851,2344.812
23,-0.020133235281155848,-1.2659245357374929,20.0,0.0,0.0,0.6957180342906929,0.7183149843645851,2344.832
24,-0.020133235281155848,-1.2659245357374929,20.0,0.0,0.0,0.6957180342906929,0.7183149843645851,2344.876
25,-0.020133235281155848,-1.2659245357374929,20.0,0.0,0.0,0.6957180342906929,0.7183149843645851,2344.876
26,-0.020133235281155848,-1.2659245357374929,20.0,0.0,0.0,0.6957180342906929,0.7183149843645851,2344.892
27,-0.020133235281155848,-1.2659245357374929,20.0,0.0,0.0,0.6957180342906929,0.7183149843645851,2344.912
28,-0.020133235281155848,-1.2659245357374929,20.0,0.0,0.0,0.6957180342906929,0.7183149843645851,2344.948
29,-0.020133235281155848,-1.2659245357374929,20.0,0.0,0.0,0.6957180342906929,0.7183149843645851,2344.992
30,-0.020133235281155848,-1.2659245357374929,20.0,0.0,0.0,0.6957180342906929,0.7183149843645851,2344.992
31,-0.020133235281155848,-1.2659245357374929,20.0,0.0,0.0,0.6957180342906929,0.7183149843645851,2344.992
32,-0.020133235281155848,-1.2659245357374929,20.0,0.0,0.0,0.6957180342906929,0.7183149843645851,2345.012
33,-0.020133235281155848,-1.2659245357374929,20.0,0.0,0.0,0.6957180342906929,0.7183149843645851,2345.032
34,-0.020133235281155848,-1.2659245357374929,20.0,0.0,0.0,0.6957180342906929,0.7183149843645851,2345.08
35,-0.020133235281155848,-1.2659245357374929,20.0,0.0,0.0,0.6957180342906929,0.7183149843645851,2345.08
36,-0.020133235281155848,-1.2659245357374929,20.0,0.0,0.0,0.6957180342906929,0.7183149843645851,2345.096
37,-0.020133235281155848,-1.2659245357374929,20.0,0.0,0.0,0.6957180342906929,0.7183149843645851,2345.112
38,-0.020133235281155848,-1.2659245357374929,20.0,0.0,0.0,0.6957180342906929,0.7183149843645851,2345.156
39,-0.020133235281155848,-1.2659245357374929,20.0,0.0,0.0,0.6957180342906929,0.7183149843645851,2345.156
40,-0.020133235281155848,-1.2659245357374929,20.0,0.0,0.0,0.6957180342906929,0.7183149843645851,2345.196
41,-0.020133235281155848,-1.2659245357374929,20.0,0.0,0.0,0.6957180342906929,0.7183149843645851,2345.196
42,-0.020133235281155848,-1.2659245357374929,20.0,0.0,0.0,0.6957180342906929,0.7183149843645851,2345.212
43,-0.020133235281155848,-1.2659245357374929,20.0,0.0,0.0,0.6957180342906929,0.7183149843645851,2345.232
44,-0.020133235281155848,-1.2659245357374929,20.0,0.0,0.0,0.6957180342906929,0.7183149843645851,2345.272
45,-0.020133235281155848,-1.2659245357374929,20.0,0.0,0.0,0.6957180342906929,0.7183149843645851,2345.272
46,-0.020133235281155848,-1.2659245357374929,20.0,0.0,0.0,0.6957180342906929,0.7183149843645851,2345.296
47,-0.020133235281155848,-1.2659245357374929,20.0,0.0,0.0,0.6957180342906929,0.7183149843645851,2345.312
48,-0.020133235281155848,-1.2659245357374929,20.0,0.0,0.0,0.6957180342906929,0.7183149843645851,2345.352
49,-0.020133235281155848,-1.2659245357374929,20.0,0.0,0.0,0.6957180342906929,0.7183149843645851,2345.352
50,-0.020133235281155848,-1.2659245357374929,20.0,0.0,0.0,0.6957180342906929,0.7183149843645851,2345.396
51,-0.020133235281155848,-1.2659245357374929,20.0,0.0,0.0,0.6957180342906929,0.7183149843645851,2345.396
52,-0.020133235281155848,-1.2659245357374929,20.0,0.0,0.0,0.6957180342906929,0.7183149843645851,2345.412
53,-0.020133235281155848,-1.2659245357374929,20.0,0.0,0.0,0.6957180342906929,0.7183149843645851,2345.432
54,-0.020133235281155848,-1.2659245357374929,20.0,0.0,0.0,0.6957180342906929,0.7183149843645851,2345.472
55,-0.020133235281155848,-1.2659245357374929,20.0,0.0,0.0,0.6957180342906929,0.7183149843645851,2345.472
56,-0.020133235281155848,-1.2659245357374929,20.0,0.0,0.0,0.6957180342906929,0.7183149843645851,2345.496
57,-0.020133235281155848,-1.2659245357374929,20.0,0.0,0.0,0.6957180342906929,0.7183149843645851,2345.512
58,-0.020133235281155848,-1.2659245357374929,20.0,0.0,0.0,0.6957180342906929,0.7183149843645851,2345.552
59,-0.020133235281155848,-1.2659245357374929,20.0,0.0,0.0,0.6957180342906929,0.7183149843645851,2345.552
60,-0.020133235281155848,-1.2659245357374929,20.0,0.0,0.0,0.6957180342906929,0.7183149843645851,2345.592
61,-0.020133235281155848,-1.2659245357374929,20.0,0.0,0.0,0.6957180342906929,0.7183149843645851,2345.592
62,-0.020133235281155848,-1.2659245357374929,20.0,0.0,0.0,0.6957180342906929,0.7183149843645851,2345.612
63,-0.020133235281155848,-1.2659245357374929,20.0,0.0,0.0,0.6957180342906929,0.7183149843645851,2345.632
64,-0.020133235281155848,-1.2659245357374929,20.0,0.0,0.0,0.6957180342906929,0.7183149843645851,2345.676
65,-0.020133235281155848,-1.2659245357374929,20.0,0.0,0.0,0.6957180342906929,0.7183149843645851,2345.676
66,-0.020133235281155848,-1.2659245357374929,20.0,0.0,0.0,0.6957180342906929,0.7183149843645851,2345.696
67,-0.020133235281155848,-1.2659245357374929,20.0,0.0,0.0,0.6957180342906929,0.7183149843645851,2345.712
68,-0.020133235281155848,-1.2659245357374929,20.0,0.0,0.0,0.6957180342906929,0.7183149843645851,2345.752
69,-0.020133235281155848,-1.2659245357374929,20.0,0.0,0.0,0.6957180342906929,0.7183149843645851,2345.752
70,-0.020133235281155848,-1.2659245357374929,20.0,0.0,0.0,0.6957180342906929,0.7183149843645851,2345.792
71,-0.020133235281155848,-1.2659245357374929,20.0,0.0,0.0,0.6957180342906929,0.7183149843645851,2345.792
72,-0.020133235281155848,-1.2659245357374929,20.0,0.0,0.0,0.6957180342906929,0.7183149843645851,2345.812
73,-0.020133235281155848,-1.2659245357374929,20.0,0.0,0.0,0.6957180342906929,0.7183149843645851,2345.832
74,-0.020133235281155848,-1.2659245357374929,20.0,0.0,0.0,0.6957180342906929,0.7183149843645851,2345.872
75,-0.020133235281155848,-1.2659245357374929,20.0,0.0,0.0,0.6957180342906929,0.7183149843645851,2345.872
76,-0.020133235281155848,-1.2659245357374929,20.0,0.0,0.0,0.6957180342906929,0.7183149843645851,2345.892
77,-0.020133235281155848,-1.2659245357374929,20.0,0.0,0.0,0.6957180342906929,0.7183149843645851,2345.912
78,-0.020133235281155848,-1.2659245357374929,20.0,0.0,0.0,0.6957180342906929,0.7183149843645851,2345.952
79,-0.020133235281155848,-1.2659245357374929,20.0,0.0,0.0,0.6957180342906929,0.7183149843645851,2345.952
80,-0.020133235281155848,-1.2659245357374929,20.0,0.0,0.0,0.6957180342906929,0.7183149843645851,2345.996
81,-0.020133235281155848,-1.2659245357374929,20.0,0.0,0.0,0.6957180342906929,0.7183149843645851,2345.996
82,-0.020133235281155848,-1.2659245357374929,20.0,0.0,0.0,0.6957180342906929,0.7183149843645851,2346.012
83,-0.020133235281155848,-1.2659245357374929,20.0,0.0,0.0,0.6957180342906929,0.7183149843645851,2346.032
84,-0.020133235281155848,-1.2659245357374929,20.0,0.0,0.0,0.6957180342906929,0.7183149843645851,2346.076
85,-0.020133235281155848,-1.2659245357374929,20.0,0.0,0.0,0.6957180342906929,0.7183149843645851,2346.076
86,-0.020133235281155848,-1.2659245357374929,20.0,0.0,0.0,0.6957180342906929,0.7183149843645851,2346.092
87,-0.020133235281155848,-1.2659245357374929,20.0,0.0,0.0,0.6957180342906929,0.7183149843645851,2346.112
88,-0.020133235281155848,-1.2659245357374929,20.0,0.0,0.0,0.6957180342906929,0.7183149843645851,2346.152
89,-0.020133235281155848,-1.2659245357374929,20.0,0.0,0.0,0.6957180342906929,0.7183149843645851,2346.152
90,-0.020133235281155848,-1.2659245357374929,20.0,0.0,0.0,0.6957180342906929,0.7183149843645851,2346.192
91,-0.020133235281155848,-1.2659245357374929,20.0,0.0,0.0,0.6957180342906929,0.7183149843645851,2346.192
92,-0.020133235281155848,-1.2659245357374929,20.0,0.0,0.0,0.6957180342906929,0.7183149843645851,2346.212
93,-0.020133235281155848,-1.2659245357374929,20.0,0.0,0.0,0.6957180342906929,0.7183149843645851,2346.232
94,-0.020133235281155848,-1.2659245357374929,20.0,0.0,0.0,0.6957180342906929,0.7183149843645851,2346.272
95,-0.020133235281155848,-1.2659245357374929,20.0,0.0,0.0,0.6957180342906929,0.7183149843645851,2346.272
96,-0.020133235281155848,-1.2659245357374929,20.0,0.0,0.0,0.6957180342906929,0.7183149843645851,2346.292
97,-0.020133235281155848,-1.2659245357374929,20.0,0.0,0.0,0.6957180342906929,0.7183149843645851,2346.312
98,-0.020133235281155848,-1.2659245357374929,20.0,0.0,0.0,0.6957180342906929,0.7183149843645851,2346.352
99,-0.020133235281155848,-1.2659245357374929,20.0,0.0,0.0,0.6957180342906929,0.7183149843645851,2346.352
100,-0.020133235281155848,-1.2659245357374929,20.0,0.0,0.0,0.6957180342906929,0.7183149843645851,2346.396
101,-0.020133235281155848,-1.2659245357374929,20.0,0.0,0.0,0.6957180342906929,0.7183149843645851,2346.396
102,-0.020133235281155848,-1.2659245357374929,20.0,0.0,0.0,0.6957180342906929,0.7183149843645851,2346.412
103,-0.020133235281155848,-1.2659245357374929,20.0,0.0,0.0,0.6957180342906929,0.7183149843645851,2346.432
104,-0.020133235281155848,-1.2659245357374929,20.0,0.0,0.0,0.6957180342906929,0.7183149843645851,2346.476
105,-0.020133235281155848,-1.2659245357374929,20.0,0.0,0.0,0.6957180342906929,0.7183149843645851,2346.476
106,-0.020133235281155848,-1.2659245357374929,20.0,0.0,0.0,0.6957180342906929,0.7183149843645851,2346.492
107,-0.020133235281155848,-1.2659245357374929,20.0,0.0,0.0,0.6957180342906929,0.7183149843645851,2346.512
108,-0.020133235281155848,-1.2659245357374929,20.0,0.0,0.0,0.6957180342906929,0.7183149843645851,2346.556
109,-0.020133235281155848,-1.2659245357374929,20.0,0.0,0.0,0.6957180342906929,0.7183149843645851,2346.556
110,-0.020133235281155848,-1.2659245357374929,20.0,0.0,0.0,0.6957180342906929,0.7183149843645851,2346.596
111,-0.020133235281155848,-1.2659245357374929,20.0,0.0,0.0,0.6957180342906929,0.7183149843645851,2346.596
112,-0.020133235281155848,-1.2659245357374929,20.0,0.0,0.0,0.6957180342906929,0.7183149843645851,2346.612
113,-0.020133235281155848,-1.2659245357374929,20.0,0.0,0.0,0.6957180342906929,0.7183149843645851,2346.632
114,-0.020133235281155848,-1.2659245357374929,20.0,0.0,0.0,0.6957180342906929,0.7183149843645851,2346.676
115,-0.020133235281155848,-1.2659245357374929,20.0,0.0,0.0,0.6957180342906929,0.7183149843645851,2346.676
116,-0.020133235281155848,-1.2659245357374929,20.0,0.0,0.0,0.6957180342906929,0.7183149843645851,2346.692
117,-0.020133235281155848,-1.2659245357374929,20.0,0.0,0.0,0.6957180342906929,0.7183149843645851,2346.712
118,-0.020133235281155848,-1.2659245357374929,20.0,0.0,0.0,0.6957180342906929,0.7183149843645851,2346.752
119,-0.020133235281155848,-1.2659245357374929,20.0,0.0,0.0,0.6957180342906929,0.7183149843645851,2346.752
120,-0.020133235281155848,-1.2659245357374929,20.0,0.0,0.0,0.6957180342906929,0.7183149843645851,2346.796
121,-0.020133235281155848,-1.2659245357374929,20.0,0.0,0.0,0.6957180342906929,0.7183149843645851,2346.796
122,-0.020133235281155848,-1.2659245357374929,20.0,0.0,0.0,0.6957180342906929,0.7183149843645851,2346.812
123,-0.020133235281155848,-1.2659245357374929,20.0,0.0,0.0,0.6957180342906929,0.7183149843645851,2346.832
124,-0.020133235281155848,-1.2659245357374929,20.0,0.0,0.0,0.6957180342906929,0.7183149843645851,2346.872
125,-0.020133235281155848,-1.2659245357374929,20.0,0.0,0.0,0.6957180342906929,0.7183149843645851,2346.896
126,-0.020133235281155848,-1.2659245357374929,20.0,0.0,0.0,0.6957180342906929,0.7183149843645851,2346.896
127,-0.020133235281155848,-1.2659245357374929,20.0,0.0,0.0,0.6957180342906929,0.7183149843645851,2346.912
128,-0.020133235281155848,-1.2659245357374929,20.0,0.0,0.0,0.6957180342906929,0.7183149843645851,2346.932
129,-0.020133235281155848,-1.2659245357374929,20.0,0.0,0.0,0.6957180342906929,0.7183149843645851,2346.972
130,-0.020133235281155848,-1.2659245357374929,20.0,0.0,0.0,0.6957180342906929,0.7183149843645851,2346.972
131,-0.020133235281155848,-1.2659245357374929,20.0,0.0,0.0,0.6957180342906929,0.7183149843645851,2346.996
132,-0.020133235281155848,-1.2659245357374929,20.0,0.0,0.0,0.6957180342906929,0.7183149843645851,2347.012
133,-0.020133235281155848,-1.2659245357374929,20.0,0.0,0.0,0.6957180342906929,0.7183149843645851,2347.056
134,-0.020133235281155848,-1.2659245357374929,20.0,0.0,0.0,0.6957180342906929,0.7183149843645851,2347.056
135,-0.020133235281155848,-1.2659245357374929,20.0,0.0,0.0,0.6957180342906929,0.7183149843645851,2347.096
136,-0.020133235281155848,-1.2659245357374929,20.0,0.0,0.0,0.6957180342906929,0.7183149843645851,2347.096
137,-0.020133235281155848,-1.2659245357374929,20.0,0.0,0.0,0.6957180342906929,0.7183149843645851,2347.112
138,-0.020133235281155848,-1.2659245357374929,20.0,0.0,0.0,0.6957180342906929,0.7183149843645851,2347.132
139,-0.020133235281155848,-1.2659245357374929,20.0,0.0,0.0,0.6957180342906929,0.7183149843645851,2347.172
140,-0.020133235281155848,-1.2659245357374929,20.0,0.0,0.0,0.6957180342906929,0.7183149843645851,2347.172
141,-0.020133235281155848,-1.2659245357374929,20.0,0.0,0.0,0.6957180342906929,0.7183149843645851,2347.192
142,-0.020133235281155848,-1.2659245357374929,20.0,0.0,0.0,0.6957180342906929,0.7183149843645851,2347.212
143,-0.020133235281155848,-1.2659245357374929,20.0,0.0,0.0,0.6957180342906929,0.7183149843645851,2347.248
144,-0.020133235281155848,-1.2659245357374929,20.0,0.0,0.0,0.6957180342906929,0.7183149843645851,2347.292
145,-0.020133235281155848,-1.2659245357374929,20.0,0.0,0.0,0.6957180342906929,0.7183149843645851,2347.292
146,-0.020133235281155848,-1.2659245357374929,20.0,0.0,0.0,0.6957180342906929,0.7183149843645851,2347.292
147,-0.020133235281155848,-1.2659245357374929,20.0,0.0,0.0,0.6957180342906929,0.7183149843645851,2347.312
148,-0.020133235281155848,-1.2659245357374929,20.0,0.0,0.0,0.6957180342906929,0.7183149843645851,2347.356
149,-0.020133235281155848,-1.2659245357374929,20.0,0.0,0.0,0.6957180342906929,0.7183149843645851,2347.356
150,-0.020133235281155848,-1.2659245357374929,20.0,0.0,0.0,0.6957180342906929,0.7183149843645851,2347.392
151,-0.020133235281155848,-1.2659245357374929,20.0,0.0,0.0,0.6957180342906929,0.7183149843645851,2347.392
152,-0.020133235281155848,-1.2659245357374929,20.0,0.0,0.0,0.6957180342906929,0.7183149843645851,2347.412
153,-0.020133235281155848,-1.2659245357374929,20.0,0.0,0.0,0.6957180342906929,0.7183149843645851,2347.432
154,-0.020133235281155848,-1.2659245357374929,20.0,0.0,0.0,0.6957180342906929,0.7183149843645851,2347.472
155,-0.020133235281155848,-1.2659245357374929,20.0,0.0,0.0,0.6957180342906929,0.7183149843645851,2347.492
156,-0.020133235281155848,-1.2659245357374929,20.0,0.0,0.0,0.6957180342906929,0.7183149843645851,2347.492
157,-0.020133235281155848,-1.2659245357374929,20.0,0.0,0.0,0.6957180342906929,0.7183149843645851,2347.512
158,-0.020133235281155848,-1.2659245357374929,20.0,0.0,0.0,0.6957180342906929,0.7183149843645851,2347.532
159,-0.020133235281155848,-1.2659245357374929,20.0,0.0,0.0,0.6957180342906929,0.7183149843645851,2347.572
160,-0.020133235281155848,-1.2659245357374929,20.0,0.0,0.0,0.6957180342906929,0.7183149843645851,2347.572
161,-0.020133235281155848,-1.2659245357374929,20.0,0.0,0.0,0.6957180342906929,0.7183149843645851,2347.596
162,-0.020133235281155848,-1.2659245357374929,20.0,0.0,0.0,0.6957180342906929,0.7183149843645851,2347.612
163,-0.020133235281155848,-1.2659245357374929,20.0,0.0,0.0,0.6957180342906929,0.7183149843645851,2347.652
164,-0.020133235281155848,-1.2659245357374929,20.0,0.0,0.0,0.6957180342906929,0.7183149843645851,2347.652
165,-0.020133235281155848,-1.2659245357374929,20.0,0.0,0.0,0.6957180342906929,0.7183149843645851,2347.696
166,-0.020133235281155848,-1.2659245357374929,20.0,0.0,0.0,0.6957180342906929,0.7183149843645851,2347.696
167,-0.020133235281155848,-1.2659245357374929,20.0,0.0,0.0,0.6957180342906929,0.7183149843645851,2347.712
168,-0.020133235281155848,-1.2659245357374929,20.0,0.0,0.0,0.6957180342906929,0.7183149843645851,2347.732
169,-0.020133235281155848,-1.2659245357374929,20.0,0.0,0.0,0.6957180342906929,0.7183149843645851,2347.78
170,-0.020133235281155848,-1.2659245357374929,20.0,0.0,0.0,0.6957180342906929,0.7183149843645851,2347.78
171,-0.020133235281155848,-1.2659245357374929,20.0,0.0,0.0,0.6957180342906929,0.7183149843645851,2347.796
172,-0.020133235281155848,-1.2659245357374929,20.0,0.0,0.0,0.6957180342906929,0.7183149843645851,2347.812
173,-0.020133235281155848,-1.2659245357374929,20.0,0.0,0.0,0.6957180342906929,0.7183149843645851,2347.852
174,-0.020133235281155848,-1.2659245357374929,20.0,0.0,0.0,0.6957180342906929,0.7183149843645851,2347.852
175,-0.020133235281155848,-1.2659245357374929,20.0,0.0,0.0,0.6957180342906929,0.7183149843645851,2347.892
176,-0.020133235281155848,-1.2659245357374929,20.0,0.0,0.0,0.6957180342906929,0.7183149843645851,2347.892
177,-0.020133235281155848,-1.2659245357374929,20.0,0.0,0.0,0.6957180342906929,0.7183149843645851,2347.912
178,-0.020133235281155848,-1.2659245357374929,20.0,0.0,0.0,0.6957180342906929,0.7183149843645851,2347.932
179,-0.020133235281155848,-1.2659245357374929,20.0,0.0,0.0,0.6957180342906929,0.7183149843645851,2347.976
180,-0.020133235281155848,-1.2659245357374929,20.0,0.0,0.0,0.6957180342906929,0.7183149843645851,2347.976
181,-0.020133235281155848,-1.2659245357374929,20.0,0.0,0.0,0.6957180342906929,0.7183149843645851,2347.996
182,-0.020133235281155848,-1.2659245357374929,20.0,0.0,0.0,0.6957180342906929,0.7183149843645851,2348.012
183,-0.020133235281155848,-1.2659245357374929,20.0,0.0,0.0,0.6957180342906929,0.7183149843645851,2348.052
184,-0.020133235281155848,-1.2659245357374929,20.0,0.0,0.0,0.6957180342906929,0.7183149843645851,2348.052
185,-0.020133235281155848,-1.2659245357374929,20.0,0.0,0.0,0.6957180342906929,0.7183149843645851,2348.096
186,-0.020133235281155848,-1.2659245357374929,20.0,0.0,0.0,0.6957180342906929,0.7183149843645851,2348.096
187,-0.020133235281155848,-1.2659245357374929,20.0,0.0,0.0,0.6957180342906929,0.7183149843645851,2348.112
188,-0.020133235281155848,-1.2659245357374929,20.0,0.0,0.0,0.6957180342906929,0.7183149843645851,2348.132
189,-0.020133235281155848,-1.2659245357374929,20.0,0.0,0.0,0.6957180342906929,0.7183149843645851,2348.172
190,-0.020133235281155848,-1.2659245357374929,20.0,0.0,0.0,0.6957180342906929,0.7183149843645851,2348.172
191,-0.020133235281155848,-1.2659245357374929,20.0,0.0,0.0,0.6957180342906929,0.7183149843645851,2348.192
192,-0.020133235281155848,-1.2659245357374929,20.0,0.0,0.0,0.6957180342906929,0.7183149843645851,2348.212
193,-0.020133235281155848,-1.2659245357374929,20.0,0.0,0.0,0.6957180342906929,0.7183149843645851,2348.252
194,-0.020133235281155848,-1.2659245357374929,20.0,0.0,0.0,0.6957180342906929,0.7183149843645851,2348.252
195,-0.020133235281155848,-1.2659245357374929,20.0,0.0,0.0,0.6957180342906929,0.7183149843645851,2348.292
196,-0.020133235281155848,-1.2659245357374929,20.0,0.0,0.0,0.6957180342906929,0.7183149843645851,2348.292
197,-0.020133235281155848,-1.2659245357374929,20.0,0.0,0.0,0.6957180342906929,0.7183149843645851,2348.312
198,-0.020133235281155848,-1.2659245357374929,20.0,0.0,0.0,0.6957180342906929,0.7183149843645851,2348.332
199,-0.020133235281155848,-1.2659245357374929,20.0,0.0,0.0,0.6957180342906929,0.7183149843645851,2348.376
200,-0.020133235281155848,-1.2659245357374929,20.0,0.0,0.0,0.6957180342906929,0.7183149843645851,2348.376
201,-0.020133235281155848,-1.2659245357374929,20.0,0.0,0.0,0.6957180342906929,0.7183149843645851,2348.392
202,-0.020133235281155848,-1.2659245357374929,20.0,0.0,0.0,0.6957180342906929,0.7183149843645851,2348.412
203,-0.020133235281155848,-1.2659245357374929,20.0,0.0,0.0,0.6957180342906929,0.7183149843645851,2348.452
204,-0.020133235281155848,-1.2659245357374929,20.0,0.0,0.0,0.6957180342906929,0.7183149843645851,2348.452
205,-0.020133235281155848,-1.2659245357374929,20.0,0.0,0.0,0.6957180342906929,0.7183149843645851,2348.492
206,-0.020133235281155848,-1.2659245357374929,20.0,0.0,0.0,0.6957180342906929,0.7183149843645851,2348.492
207,-0.020133235281155848,-1.2659245357374929,20.0,0.0,0.0,0.6957180342906929,0.7183149843645851,2348.512
208,-0.020133235281155848,-1.2659245357374929,20.0,0.0,0.0,0.6957180342906929,0.7183149843645851,2348.532
209,-0.020133235281155848,-1.2659245357374929,20.0,0.0,0.0,0.6957180342906929,0.7183149843645851,2348.576
210,-0.020133235281155848,-1.2659245357374929,20.0,0.0,0.0,0.6957180342906929,0.7183149843645851,2348.576
211,-0.020133235281155848,-1.2659245357374929,20.0,0.0,0.0,0.6957180342906929,0.7183149843645851,2348.596
212,-0.020133235281155848,-1.2659245357374929,20.0,0.0,0.0,0.6957180342906929,0.7183149843645851,2348.612
213,-0.020133235281155848,-1.2659245357374929,20.0,0.0,0.0,0.6957180342906929,0.7183149843645851,2348.652
214,-0.020133235281155848,-1.2659245357374929,20.0,0.0,0.0,0.6957180342906929,0.7183149843645851,2348.652
215,-0.020133235281155848,-1.2659245357374929,20.0,0.0,0.0,0.6957180342906929,0.7183149843645851,2348.692
216,-0.020133235281155848,-1.2659245357374929,20.0,0.0,0.0,0.6957180342906929,0.7183149843645851,2348.692
217,-0.020133235281155848,-1.2659245357374929,20.0,0.0,0.0,0.6957180342906929,0.7183149843645851,2348.712
218,-0.020133235281155848,-1.2659245357374929,20.0,0.0,0.0,0.6957180342906929,0.7183149843645851,2348.732
219,-0.020133235281155848,-1.2659245357374929,20.0,0.0,0.0,0.6957180342906929,0.7183149843645851,2348.772
220,-0.020133235281155848,-1.2659245357374929,20.0,0.0,0.0,0.6957180342906929,0.7183149843645851,2348.772
221,-0.020133235281155848,-1.2659245357374929,20.0,0.0,0.0,0.6957180342906929,0.7183149843645851,2348.796
222,-0.020133235281155848,-1.2659245357374929,20.0,0.0,0.0,0.6957180342906929,0.7183149843645851,2348.812
223,-0.020133235281155848,-1.2659245357374929,20.0,0.0,0.0,0.6957180342906929,0.7183149843645851,2348.852
224,-0.020133235281155848,-1.2659245357374929,20.0,0.0,0.0,0.6957180342906929,0.7183149843645851,2348.896
225,-0.020133235281155848,-1.2659245357374929,20.0,0.0,0.0,0.6957180342906929,0.7183149843645851,2348.896
226,-0.020133235281155848,-1.2659245357374929,20.0,0.0,0.0,0.6957180342906929,0.7183149843645851,2348.896
227,-0.020133235281155848,-1.2659245357374929,20.0,0.0,0.0,0.6957180342906929,0.7183149843645851,2348.912
228,-0.020133235281155848,-1.2659245357374929,20.0,0.0,0.0,0.6957180342906929,0.7183149843645851,2348.932
229,-0.020133235281155848,-1.2659245357374929,20.0,0.0,0.0,0.6957180342906929,0.7183149843645851,2348.972
230,-0.020133235281155848,-1.2659245357374929,20.0,0.0,0.0,0.6957180342906929,0.7183149843645851,2348.972
231,-0.020133235281155848,-1.2659245357374929,20.0,0.0,0.0,0.6957180342906929,0.7183149843645851,2348.996
232,-0.020133235281155848,-1.2659245357374929,20.0,0.0,0.0,0.6957180342906929,0.7183149843645851,2349.012
233,-0.020133235281155848,-1.2659245357374929,20.0,0.0,0.0,0.6957180342906929,0.7183149843645851,2349.052
234,-0.020133235281155848,-1.2659245357374929,20.0,0.0,0.0,0.6957180342906929,0.7183149843645851,2349.052
235,-0.020133235281155848,-1.2659245357374929,20.0,0.0,0.0,0.6957180342906929,0.7183149843645851,2349.096
236,-0.020133235281155848,-1.2659245357374929,20.0,0.0,0.0,0.6957180342906929,0.7183149843645851,2349.096
237,-0.020133235281155848,-1.2659245357374929,20.0,0.0,0.0,0.6957180342906929,0.7183149843645851,2349.112
238,-0.020133235281155848,-1.2659245357374929,20.0,0.0,0.0,0.6957180342906929,0.7183149843645851,2349.132
239,-0.020133235281155848,-1.2659245357374929,20.0,0.0,0.0,0.6957180342906929,0.7183149843645851,2349.172
240,-0.020133235281155848,-1.2659245357374929,20.0,0.0,0.0,0.6957180342906929,0.7183149843645851,2349.196
241,-0.020133235281155848,-1.2659245357374929,20.0,0.0,0.0,0.6957180342906929,0.7183149843645851,2349.196
242,-0.020133235281155848,-1.2659245357374929,20.0,0.0,0.0,0.6957180342906929,0.7183149843645851,2349.22
243,-0.020133235281155848,-1.2659245357374929,20.0,0.0,0.0,0.6957180342906929,0.7183149843645851,2349.232
244,-0.020133235281155848,-1.2659245357374929,20.0,0.0,0.0,0.6957180342906929,0.7183149843645851,2349.272
245,-0.020133235281155848,-1.2659245357374929,20.0,0.0,0.0,0.6957180342906929,0.7183149843645851,2349.272
246,-0.020133235281155848,-1.2659245357374929,20.0,0.0,0.0,0.6957180342906929,0.7183149843645851,2349.296
247,-0.020133235281155848,-1.2659245357374929,20.0,0.0,0.0,0.6957180342906929,0.7183149843645851,2349.312
248,-0.020133235281155848,-1.2659245357374929,20.0,0.0,0.0,0.6957180342906929,0.7183149843645851,2349.352
249,-0.020133235281155848,-1.2659245357374929,20.0,0.0,0.0,0.6957180342906929,0.7183149843645851,2349.396
250,-0.020133235281155848,-1.2659245357374929,20.0,0.0,0.0,0.6957180342906929,0.7183149843645851,2349.396
251,-0.020133235281155848,-1.2659245357374929,20.0,0.0,0.0,0.6957180342906929,0.7183149843645851,2349.396
252,-0.020133235281155848,-1.2659245357374929,20.0,0.0,0.0,0.6957180342906929,0.7183149843645851,2349.412
253,-0.020133235281155848,-1.2659245357374929,20.0,0.0,0.0,0.6957180342906929,0.7183149843645851,2349.432
254,-0.020133235281155848,-1.2659245357374929,20.0,0.0,0.0,0.6957180342906929,0.7183149843645851,2349.472
255,-0.020133235281155848,-1.2659245357374929,20.0,0.0,0.0,0.6957180342906929,0.7183149843645851,2349.472
256,-0.020133235281155848,-1.2659245357374929,20.0,0.0,0.0,0.6957180342906929,0.7183149843645851,2349.496
257,-0.020133235281155848,-1.2659245357374929,20.0,0.0,0.0,0.6957180342906929,0.7183149843645851,2349.512
258,-0.020133235281155848,-1.2659245357374929,20.0,0.0,0.0,0.6957180342906929,0.7183149843645851,2349.552
259,-0.020133235281155848,-1.2659245357374929,20.0,0.0,0.0,0.6957180342906929,0.7183149843645851,2349.552
260,-0.020133235281155848,-1.2659245357374929,20.0,0.0,0.0,0.6957180342906929,0.7183149843645851,2349.592
261,-0.020133235281155848,-1.2659245357374929,20.0,0.0,0.0,0.6957180342906929,0.7183149843645851,2349.592
262,-0.020133235281155848,-1.2659245357374929,20.0,0.0,0.0,0.6957180342906929,0.7183149843645851,2349.612
263,-0.020133235281155848,-1.2659245357374929,20.0,0.0,0.0,0.6957180342906929,0.7183149843645851,2349.632
264,-0.020133235281155848,-1.2659245357374929,20.0,0.0,0.0,0.6957180342906929,0.7183149843645851,2349.672
265,-0.020133235281155848,-1.2659245357374929,20.0,0.0,0.0,0.6957180342906929,0.7183149843645851,2349.672
266,-0.020133235281155848,-1.2659245357374929,20.0,0.0,0.0,0.6957180342906929,0.7183149843645851,2349.696
267,-0.020133235281155848,-1.2659245357374929,20.0,0.0,0.0,0.6957180342906929,0.7183149843645851,2349.712
268,-0.020133235281155848,-1.2659245357374929,20.0,0.0,0.0,0.6957180342906929,0.7183149843645851,2349.752
269,-0.020133235281155848,-1.2659245357374929,20.0,0.0,0.0,0.6957180342906929,0.7183149843645851,2349.752
270,-0.020133235281155848,-1.2659245357374929,20.0,0.0,0.0,0.6957180342906929,0.7183149843645851,2349.792
271,-0.020133235281155848,-1.2659245357374929,20.0,0.0,0.0,0.6957180342906929,0.7183149843645851,2349.792
272,-0.020133235281155848,-1.2659245357374929,20.0,0.0,0.0,0.6957180342906929,0.7183149843645851,2349.812
273,-0.020133235281155848,-1.2659245357374929,20.0,0.0,0.0,0.6957180342906929,0.7183149843645851,2349.832
274,-0.020133235281155848,-1.2659245357374929,20.0,0.0,0.0,0.6957180342906929,0.7183149843645851,2349.872
275,-0.020133235281155848,-1.2659245357374929,20.0,0.0,0.0,0.6957180342906929,0.7183149843645851,2349.872
276,0.0,-0.016,20.0,0.0,0.0,0.0,1.0,2349.896
277,0.0,-0.036000000000000004,20.0,0.0,0.0,0.0,1.0,2349.912
278,0.0,-0.056,20.0,0.0,0.0,0.0,1.0,2349.952
279,0.0,-0.076,20.0,0.0,0.0,0.0,1.0,2349.996
280,0.0,-0.096,20.0,0.0,0.0,0.0,1.0,2349.996
281,0.0,-0.116,20.0,0.0,0.0,0.0,1.0,2349.996
282,0.0,-0.136,20.0,0.0,0.0,0.0,1.0,2350.012
283,0.0,-0.156,20.0,0.0,0.0,0.0,1.0,2350.032
284,0.0,-0.17600000000000002,20.0,0.0,0.0,0.0,1.0,2350.072
285,0.0,-0.196,20.0,0.0,0.0,0.0,1.0,2350.072
286,0.0,-0.21600000000000003,20.0,0.0,0.0,0.0,1.0,2350.092
287,0.0,-0.23600000000000002,20.0,0.0,0.0,0.0,1.0,2350.112
288,0.0,-0.256,20.0,0.0,0.0,0.0,1.0,2350.152
289,0.0,-0.276,20.0,0.0,0.0,0.0,1.0,2350.152
290,0.0,-0.29600000000000004,20.0,0.0,0.0,0.0,1.0,2350.192
291,0.0,-0.316,20.0,0.0,0.0,0.0,1.0,2350.192
292,0.0,-0.336,20.0,0.0,0.0,0.0,1.0,2350.212
293,0.0,-0.35600000000000004,20.0,0.0,0.0,0.0,1.0,2350.232
294,0.0,-0.376,20.0,0.0,0.0,0.0,1.0,2350.276
295,0.0,-0.396,20.0,0.0,0.0,0.0,1.0,2350.276
296,0.0,-0.41600000000000004,20.0,0.0,0.0,0.0,1.0,2350.292
297,0.0,-0.43600000000000005,20.0,0.0,0.0,0.0,1.0,2350.312
298,0.0,-0.456,20.0,0.0,0.0,0.0,1.0,2350.352
299,0.0,-0.47600000000000003,20.0,0.0,0.0,0.0,1.0,2350.396
300,0.0,-0.49600000000000005,20.0,0.0,0.0,0.0,1.0,2350.396
301,0.0,-0.5195959179422655,20.0,0.0,0.0,0.0,1.0,2350.396
302,0.0,-0.5440908153700972,20.0,0.0,0.0,0.0,1.0,2350.412
303,0.0,-0.568585712797929,20.0,0.0,0.0,0.0,1.0,2350.432
304,0.0,-0.5930806102257609,20.0,0.0,0.0,0.0,1.0,2350.476
305,0.0,-0.6175755076535926,20.0,0.0,0.0,0.0,1.0,2350.476
306,0.0,-0.6420704050814243,20.0,0.0,0.0,0.0,1.0,2350.496
307,0.0,-0.666565302509256,20.0,0.0,0.0,0.0,1.0,2350.512
308,0.0,-0.6910601999370879,20.0,0.0,0.0,0.0,1.0,2350.552
309,0.0,-0.7155550973649196,20.0,0.0,0.0,0.0,1.0,2350.552
310,0.0,-0.7400499947927515,20.0,0.0,0.0,0.0,1.0,2350.596
311,0.0,-0.7645448922205833,20.0,0.0,0.0,0.0,1.0,2350.596
312,0.0,-0.789039789648415,20.0,0.0,0.0,0.0,1.0,2350.612
313,0.0,-0.8135346870762468,20.0,0.0,0.0,0.0,1.0,2350.632
314,0.0,-0.8380295845040785,20.0,0.0,0.0,0.0,1.0,2350.676
315,0.0,-0.8625244819319103,20.0,0.0,0.0,0.0,1.0,2350.676
316,0.0,-0.8870193793597421,20.0,0.0,0.0,0.0,1.0,2350.696
317,0.0,-0.9115142767875739,20.0,0.0,0.0,0.0,1.0,2350.712
318,0.0,-0.9360091742154057,20.0,0.0,0.0,0.0,1.0,2350.752
319,0.0,-0.9605040716432374,20.0,0.0,0.0,0.0,1.0,2350.752
320,0.0,-0.9849989690710692,20.0,0.0,0.0,0.0,1.0,2350.792
321,0.0,-1.0109625727575817,20.0,0.0,0.0,0.0,1.0,2350.792
322,0.0,-1.0392468440050435,20.0,0.0,0.0,0.0,1.0,2350.812
323,0.0,-1.0675311152525055,20.0,0.0,0.0,0.0,1.0,2350.832
324,0.0,-1.0958153864999676,20.0,0.0,0.0,0.0,1.0,2350.872
325,0.0,-1.1240996577474294,20.0,0.0,0.0,0.0,1.0,2350.872
326,0.0,-1.1523839289948912,20.0,0.0,0.0,0.0,1.0,2350.892
327,0.0,-1.1806682002423532,20.0,0.0,0.0,0.0,1.0,2350.912
328,0.0,-1.208952471489815,20.0,0.0,0.0,0.0,1.0,2350.948
329,0.0,-1.237236742737277,20.0,0.0,0.0,0.0,1.0,2350.992
330,0.0,-1.2655210139847388,20.0,0.0,0.0,0.0,1.0,2350.992
331,0.0,-1.2938052852322008,20.0,0.0,0.0,0.0,1.0,2350.992
332,0.0,-1.3220895564796629,20.0,0.0,0.0,0.0,1.0,2351.012
333,0.0,-1.3503738277271244,20.0,0.0,0.0,0.0,1.0,2351.032
334,0.0,-1.3786580989745862,20.0,0.0,0.0,0.0,1.0,2351.076
335,0.0,-1.4069423702220483,20.0,0.0,0.0,0.0,1.0,2351.076
336,0.0,-1.43522664146951,20.0,0.0,0.0,0.0,1.0,2351.092
337,0.0,-1.463510912716972,20.0,0.0,0.0,0.0,1.0,2351.112
338,0.0,-1.4917951839644341,20.0,0.0,0.0,0.0,1.0,2351.152
339,0.0,-1.522449513402481,20.0,0.0,0.0,0.0,1.0,2351.192
340,0.0,-1.5540722900041646,20.0,0.0,0.0,0.0,1.0,2351.192
341,0.0,-1.5856950666058485,20.0,0.0,0.0,0.0,1.0,2351.192
342,0.0,-1.6173178432075324,20.0,0.0,0.0,0.0,1.0,2351.212
343,0.0,-1.648940619809216,20.0,0.0,0.0,0.0,1.0,2351.232
344,0.0,-1.6805633964108995,20.0,0.0,0.0,0.0,1.0,2351.276
345,0.0,-1.7121861730125834,20.0,0.0,0.0,0.0,1.0,2351.276
346,0.0,-1.7438089496142672,20.0,0.0,0.0,0.0,1.0,2351.296
347,0.0,-1.7754317262159511,20.0,0.0,0.0,0.0,1.0,2351.312
348,0.0,-1.8070545028176348,20.0,0.0,0.0,0.0,1.0,2351.352
349,0.0,-1.8386772794193187,20.0,0.0,0.0,0.0,1.0,2351.388
350,0.0,-1.8703000560210024,20.0,0.0,0.0,0.0,1.0,2351.388
351,0.0,-1.9019228326226862,20.0,0.0,0.0,0.0,1.0,2351.396
352,0.0,-1.9335456092243701,20.0,0.0,0.0,0.0,1.0,2351.412
353,0.0,-1.965168385826054,20.0,0.0,0.0,0.0,1.0,2351.452
354,0.0,-1.9967911624277377,20.0,0.0,0.0,0.0,1.0,2351.452
355,0.0,-2.0311259107079813,20.0,0.0,0.0,0.0,1.0,2351.5
356,0.0,-2.065766926859359,20.0,0.0,0.0,0.0,1.0,2351.5
357,0.0,-2.1004079430107363,20.0,0.0,0.0,0.0,1.0,2351.512
358,0.0,-2.135048959162114,20.0,0.0,0.0,0.0,1.0,2351.532
359,0.0,-2.1696899753134917,20.0,0.0,0.0,0.0,1.0,2351.572
360,0.0,-2.204330991464869,20.0,0.0,0.0,0.0,1.0,2351.572
361,0.0,-2.2389720076162467,20.0,0.0,0.0,0.0,1.0,2351.6
362,0.0,-2.2736130237676244,20.0,0.0,0.0,0.0,1.0,2351.612
363,0.0,-2.3082540399190017,20.0,0.0,0.0,0.0,1.0,2351.656
364,0.0,-2.342895056070379,20.0,0.0,0.0,0.0,1.0,2351.656
365,0.0,-2.3775360722217567,20.0,0.0,0.0,0.0,1.0,2351.7
366,0.0,-2.4121770883731344,20.0,0.0,0.0,0.0,1.0,2351.7
367,0.0,-2.4468181045245117,20.0,0.0,0.0,0.0,1.0,2351.712
368,0.0,-2.4814591206758894,20.0,0.0,0.0,0.0,1.0,2351.732
369,0.0,-2.517390135331067,20.0,0.0,0.0,0.0,1.0,2351.772
370,0.0,-2.5548067091988065,20.0,0.0,0.0,0.0,1.0,2351.772
371,0.0,-2.592223283066546,20.0,0.0,0.0,0.0,1.0,2351.8
372,0.0,-2.6296398569342854,20.0,0.0,0.0,0.0,1.0,2351.812
373,0.0,-2.667056430802025,20.0,0.0,0.0,0.0,1.0,2351.852
374,0.0,-2.7044730046697643,20.0,0.0,0.0,0.0,1.0,2351.852
375,0.0,-2.7418895785375037,20.0,0.0,0.0,0.0,1.0,2351.896
376,0.0,-2.779306152405243,20.0,0.0,0.0,0.0,1.0,2351.896
377,0.0,-2.8167227262729826,20.0,0.0,0.0,0.0,1.0,2351.912
378,0.0,-2.854139300140722,20.0,0.0,0.0,0.0,1.0,2351.932
379,0.0,-2.8915558740084615,20.0,0.0,0.0,0.0,1.0,2351.972
380,0.0,-2.928972447876201,20.0,0.0,0.0,0.0,1.0,2351.972
381,0.0,-2.9663890217439404,20.0,0.0,0.0,0.0,1.0,2352.0
382,0.0,-3.0040683528375762,20.0,0.0,0.0,0.0,1.0,2352.012
383,0.0,-3.0440683528375763,20.0,0.0,0.0,0.0,1.0,2352.052
384,0.0,-3.0840683528375763,20.0,0.0,0.0,0.0,1.0,2352.052
385,0.0,-3.1240683528375763,20.0,0.0,0.0,0.0,1.0,2352.092
386,0.0,-3.1640683528375764,20.0,0.0,0.0,0.0,1.0,2352.092
387,0.0,-3.2040683528375764,20.0,0.0,0.0,0.0,1.0,2352.112
388,0.0,-3.2440683528375764,20.0,0.0,0.0,0.0,1.0,2352.132
389,0.0,-3.2840683528375756,20.0,0.0,0.0,0.0,1.0,2352.168
390,0.0,-3.3240683528375765,20.0,0.0,0.0,0.0,1.0,2352.2
391,0.0,-3.3640683528375757,20.0,0.0,0.0,0.0,1.0,2352.2
392,0.0,-3.4040683528375757,20.0,0.0,0.0,0.0,1.0,2352.212
393,0.0,-3.4440683528375757,20.0,0.0,0.0,0.0,1.0,2352.232
394,0.0,-3.4840683528375758,20.0,0.0,0.0,0.0,1.0,2352.276
395,0.0,-3.524068352837576,20.0,0.0,0.0,0.0,1.0,2352.276
396,0.0,-3.564068352837576,20.0,0.0,0.0,0.0,1.0,2352.296
397,0.0,-3.604068352837576,20.0,0.0,0.0,0.0,1.0,2352.312
398,0.0,-3.644068352837576,20.0,0.0,0.0,0.0,1.0,2352.352
399,0.0,-3.684068352837576,20.0,0.0,0.0,0.0,1.0,2352.352
400,0.0,-3.724068352837576,20.0,0.0,0.0,0.0,1.0,2352.396
401,0.0,-3.764068352837576,20.0,0.0,0.0,0.0,1.0,2352.396
402,0.0,-3.804068352837576,20.0,0.0,0.0,0.0,1.0,2352.412
403,0.0,-3.844068352837576,20.0,0.0,0.0,0.0,1.0,2352.432
404,0.0,-3.884068352837576,20.0,0.0,0.0,0.0,1.0,2352.476
405,0.0,-3.924068352837576,20.0,0.0,0.0,0.0,1.0,2352.476
406,0.0,-3.964068352837576,20.0,0.0,0.0,0.0,1.0,2352.496
407,0.0,-4.004068352837576,20.0,0.0,0.0,0.0,1.0,2352.512
408,0.0,-4.044068352837576,20.0,0.0,0.0,0.0,1.0,2352.552
409,0.0,-4.084068352837576,20.0,0.0,0.0,0.0,1.0,2352.552
410,0.0,-4.124068352837576,20.0,0.0,0.0,0.0,1.0,2352.596
411,0.0,-4.164068352837576,20.0,0.0,0.0,0.0,1.0,2352.596
412,0.0,-4.204068352837576,20.0,0.0,0.0,0.0,1.0,2352.612
413,0.0,-4.244068352837576,20.0,0.0,0.0,0.0,1.0,2352.632
414,0.0,-4.284068352837576,20.0,0.0,0.0,0.0,1.0,2352.672
415,0.0,-4.3240683528375765,20.0,0.0,0.0,0.0,1.0,2352.672
416,0.0,-4.364068352837576,20.0,0.0,0.0,0.0,1.0,2352.7
417,0.0,-4.404068352837577,20.0,0.0,0.0,0.0,1.0,2352.712
418,0.0,-4.444068352837576,20.0,0.0,0.0,0.0,1.0,2352.756
419,0.0,-4.484068352837576,20.0,0.0,0.0,0.0,1.0,2352.756
420,0.0,-4.524068352837576,20.0,0.0,0.0,0.0,1.0,2352.796
421,0.0,-4.564068352837576,20.0,0.0,0.0,0.0,1.0,2352.796
422,0.0,-4.604068352837576,20.0,0.0,0.0,0.0,1.0,2352.812
423,0.0,-4.644068352837576,20.0,0.0,0.0,0.0,1.0,2352.832
424,0.0,-4.684068352837576,20.0,0.0,0.0,0.0,1.0,2352.876
425,0.0,-4.724068352837576,20.0,0.0,0.0,0.0,1.0,2352.876
426,0.0,-4.764068352837576,20.0,0.0,0.0,0.0,1.0,2352.9
427,0.0,-4.804068352837576,20.0,0.0,0.0,0.0,1.0,2352.912
428,0.0,-4.844068352837576,20.0,0.0,0.0,0.0,1.0,2352.952
429,0.0,-4.884068352837576,20.0,0.0,0.0,0.0,1.0,2352.952
430,0.0,-4.924068352837576,20.0,0.0,0.0,0.0,1.0,2352.992
431,0.0,-4.964068352837576,20.0,0.0,0.0,0.0,1.0,2352.992
432,0.0,-5.004068352837576,20.0,0.0,0.0,0.0,1.0,2353.012
433,0.0,-5.044068352837576,20.0,0.0,0.0,0.0,1.0,2353.032
434,0.0,-5.084068352837576,20.0,0.0,0.0,0.0,1.0,2353.072
435,0.0,-5.124068352837576,20.0,0.0,0.0,0.0,1.0,2353.072
436,0.0,-5.164068352837576,20.0,0.0,0.0,0.0,1.0,2353.1
437,0.0,-5.204068352837576,20.0,0.0,0.0,0.0,1.0,2353.112
438,0.0,-5.244068352837576,20.0,0.0,0.0,0.0,1.0,2353.152
439,0.0,-5.284068352837576,20.0,0.0,0.0,0.0,1.0,2353.152
440,0.0,-5.332068352837576,20.0,0.0,0.0,0.0,1.0,2353.192
441,0.0,-5.364068352837576,20.0,0.0,0.0,0.0,1.0,2353.192
442,0.0,-5.404068352837576,20.0,0.0,0.0,0.0,1.0,2353.212
443,0.0,-5.444068352837576,20.0,0.0,0.0,0.0,1.0,2353.232
444,0.0,-5.484068352837576,20.0,0.0,0.0,0.0,1.0,2353.268
445,0.0,-5.524068352837576,20.0,0.0,0.0,0.0,1.0,2353.292
446,0.0,-5.564068352837576,20.0,0.0,0.0,0.0,1.0,2353.292
447,0.0,-5.604068352837576,20.0,0.0,0.0,0.0,1.0,2353.312
448,0.0,-5.644068352837576,20.0,0.0,0.0,0.0,1.0,2353.332
449,0.0,-5.684068352837576,20.0,0.0,0.0,0.0,1.0,2353.372
450,0.0,-5.724068352837576,20.0,0.0,0.0,0.0,1.0,2353.372
451,0.0,-5.764068352837576,20.0,0.0,0.0,0.0,1.0,2353.4
452,0.0,-5.804068352837576,20.0,0.0,0.0,0.0,1.0,2353.412
453,0.0,-5.844068352837576,20.0,0.0,0.0,0.0,1.0,2353.456
454,0.0,-5.884068352837576,20.0,0.0,0.0,0.0,1.0,2353.456
455,0.0,-5.924068352837576,20.0,0.0,0.0,0.0,1.0,2353.496
456,0.0,-5.964068352837576,20.0,0.0,0.0,0.0,1.0,2353.496
457,0.0,-6.004068352837576,20.0,0.0,0.0,0.0,1.0,2353.512
458,0.0,-6.044068352837576,20.0,0.0,0.0,0.0,1.0,2353.532
459,0.0,-6.084068352837576,20.0,0.0,0.0,0.0,1.0,2353.576
460,0.0,-6.124068352837576,20.0,0.0,0.0,0.0,1.0,2353.576
461,0.0,-6.164068352837576,20.0,0.0,0.0,0.0,1.0,2353.592
462,0.0,-6.204068352837576,20.0,0.0,0.0,0.0,1.0,2353.612
463,0.0,-6.244068352837576,20.0,0.0,0.0,0.0,1.0,2353.652
464,0.0,-6.284068352837576,20.0,0.0,0.0,0.0,1.0,2353.652
465,0.0,-6.3240683528375765,20.0,0.0,0.0,0.0,1.0,2353.696
466,0.0,-6.364068352837576,20.0,0.0,0.0,0.0,1.0,2353.696
467,0.0,-6.404068352837577,20.0,0.0,0.0,0.0,1.0,2353.712
468,0.0,-6.444068352837576,20.0,0.0,0.0,0.0,1.0,2353.732
469,0.0,-6.484068352837576,20.0,0.0,0.0,0.0,1.0,2353.772
470,0.0,-6.524068352837576,20.0,0.0,0.0,0.0,1.0,2353.772
471,0.0,-6.564068352837576,20.0,0.0,0.0,0.0,1.0,2353.8
472,0.0,-6.604068352837576,20.0,0.0,0.0,0.0,1.0,2353.812
473,0.0,-6.644068352837576,20.0,0.0,0.0,0.0,1.0,2353.852
474,0.0,-6.684068352837576,20.0,0.0,0.0,0.0,1.0,2353.852
475,0.0,-6.724068352837576,20.0,0.0,0.0,0.0,1.0,2353.892
476,0.0,-6.764068352837576,20.0,0.0,0.0,0.0,1.0,2353.892
477,0.0,-6.804068352837575,20.0,0.0,0.0,0.0,1.0,2353.912
478,0.0,-6.844068352837576,20.0,0.0,0.0,0.0,1.0,2353.932
479,0.0,-6.884068352837575,20.0,0.0,0.0,0.0,1.0,2353.972
480,0.0,-6.924068352837576,20.0,0.0,0.0,0.0,1.0,2354.0
481,0.0,-6.964068352837575,20.0,0.0,0.0,0.0,1.0,2354.0
482,0.0,-7.004068352837576,20.0,0.0,0.0,0.0,1.0,2354.012
483,0.0,-7.044068352837575,20.0,0.0,0.0,0.0,1.0,2354.032
484,0.0,-7.084068352837576,20.0,0.0,0.0,0.0,1.0,2354.072
485,0.0,-7.1240683528375754,20.0,0.0,0.0,0.0,1.0,2354.096
486,0.0,-7.164068352837576,20.0,0.0,0.0,0.0,1.0,2354.096
487,0.0,-7.2040683528375755,20.0,0.0,0.0,0.0,1.0,2354.112
488,0.0,-7.244068352837576,20.0,0.0,0.0,0.0,1.0,2354.132
489,0.0,-7.284068352837576,20.0,0.0,0.0,0.0,1.0,2354.172
490,0.0,-7.3240683528375765,20.0,0.0,0.0,0.0,1.0,2354.172
491,0.0,-7.364068352837576,20.0,0.0,0.0,0.0,1.0,2354.204
492,0.0,-7.404068352837577,20.0,0.0,0.0,0.0,1.0,2354.212
493,0.0,-7.444068352837576,20.0,0.0,0.0,0.0,1.0,2354.256
494,0.0,-7.484068352837577,20.0,0.0,0.0,0.0,1.0,2354.256
495,0.0,-7.524068352837576,20.0,0.0,0.0,0.0,1.0,2354.296
496,0.0,-7.564068352837577,20.0,0.0,0.0,0.0,1.0,2354.296
497,0.0,-7.604068352837576,20.0,0.0,0.0,0.0,1.0,2354.312
498,0.0,-7.644068352837577,20.0,0.0,0.0,0.0,1.0,2354.332
499,0.0,-7.684068352837576,20.0,0.0,0.0,0.0,1.0,2354.372
500,0.0,-7.724068352837577,20.0,0.0,0.0,0.0,1.0,2354.392
501,0.0,-7.764068352837576,20.0,0.0,0.0,0.0,1.0,2354.392
502,0.0,-7.804068352837575,20.0,0.0,0.0,0.0,1.0,2354.412
503,0.0,-7.844068352837576,20.0,0.0,0.0,0.0,1.0,2354.432
504,0.0,-7.884068352837577,20.0,0.0,0.0,0.0,1.0,2354.472
505,0.0,-7.924068352837576,20.0,0.0,0.0,0.0,1.0,2354.472
506,0.0,-7.964068352837575,20.0,0.0,0.0,0.0,1.0,2354.496
507,0.0,-8.004068352837576,20.0,0.0,0.0,0.0,1.0,2354.512
508,0.0,-8.044068352837575,20.0,0.0,0.0,0.0,1.0,2354.556
509,0.0,-8.084068352837576,20.0,0.0,0.0,0.0,1.0,2354.556
510,0.0,-8.124068352837575,20.0,0.0,0.0,0.0,1.0,2354.592
511,0.0,-8.164068352837576,20.0,0.0,0.0,0.0,1.0,2354.592
512,0.0,-8.204068352837576,20.0,0.0,0.0,0.0,1.0,2354.612
513,0.0,-8.244068352837576,20.0,0.0,0.0,0.0,1.0,2354.632
514,0.0,-8.284068352837576,20.0,0.0,0.0,0.0,1.0,2354.676
515,0.0,-8.324068352837577,20.0,0.0,0.0,0.0,1.0,2354.676
516,0.0,-8.364068352837576,20.0,0.0,0.0,0.0,1.0,2354.7
517,0.0,-8.404068352837577,20.0,0.0,0.0,0.0,1.0,2354.712
518,0.0,-8.444068352837576,20.0,0.0,0.0,0.0,1.0,2354.756
519,0.0,-8.484068352837577,20.0,0.0,0.0,0.0,1.0,2354.756
520,0.0,-8.524068352837576,20.0,0.0,0.0,0.0,1.0,2354.796
521,0.0,-8.564068352837577,20.0,0.0,0.0,0.0,1.0,2354.796
522,0.0,-8.604068352837576,20.0,0.0,0.0,0.0,1.0,2354.812
523,0.0,-8.644068352837577,20.0,0.0,0.0,0.0,1.0,2354.832
524,0.0,-8.684068352837576,20.0,0.0,0.0,0.0,1.0,2354.872
525,0.0,-8.724068352837577,20.0,0.0,0.0,0.0,1.0,2354.872
526,0.0,-8.764068352837576,20.0,0.0,0.0,0.0,1.0,2354.9
527,0.0,-8.804068352837575,20.0,0.0,0.0,0.0,1.0,2354.912
528,0.0,-8.844068352837576,20.0,0.0,0.0,0.0,1.0,2354.956
529,0.0,-8.884068352837575,20.0,0.0,0.0,0.0,1.0,2354.956
530,0.0,-8.924068352837576,20.0,0.0,0.0,0.0,1.0,2354.984
531,0.0,-8.964068352837575,20.0,0.0,0.0,0.0,1.0,2354.992
532,0.0,-9.004068352837576,20.0,0.0,0.0,0.0,1.0,2355.012
533,0.0,-9.044068352837575,20.0,0.0,0.0,0.0,1.0,2355.048
534,0.0,-9.084068352837576,20.0,0.0,0.0,0.0,1.0,2355.088
535,0.0,-9.124068352837575,20.0,0.0,0.0,0.0,1.0,2355.088
536,0.0,-9.164068352837576,20.0,0.0,0.0,0.0,1.0,2355.1
537,0.0,-9.204068352837576,20.0,0.0,0.0,0.0,1.0,2355.112
538,0.0,-9.244068352837576,20.0,0.0,0.0,0.0,1.0,2355.152
539,0.0,-9.284068352837576,20.0,0.0,0.0,0.0,1.0,2355.192
540,0.0,-9.324068352837577,20.0,0.0,0.0,0.0,1.0,2355.192
541,0.0,-9.364068352837576,20.0,0.0,0.0,0.0,1.0,2355.192
542,0.0,-9.404068352837577,20.0,0.0,0.0,0.0,1.0,2355.212
543,0.0,-9.444068352837576,20.0,0.0,0.0,0.0,1.0,2355.232
544,0.0,-9.484068352837577,20.0,0.0,0.0,0.0,1.0,2355.276
545,0.0,-9.5,20.0,0.0,0.0,0.0,1.0,2355.276
546,0.0,-9.5,20.0,0.0,0.0,0.0,1.0,2355.3
547,0.0,-9.5,20.0,0.0,0.0,0.0,1.0,2355.312
548,0.0,-9.5,20.0,0.0,0.0,0.0,1.0,2355.352
549,0.0,-9.5,20.0,0.0,0.0,0.0,1.0,2355.352
550,0.0,-9.5,20.0,0.0,0.0,0.0,1.0,2355.396
551,0.0,-9.5,20.0,0.0,0.0,0.0,1.0,2355.396
552,0.0,-9.5,20.0,0.0,0.0,0.0,1.0,2355.412
553,0.0,-9.5,20.0,0.0,0.0,0.0,1.0,2355.432
554,0.0,-9.5,20.0,0.0,0.0,0.0,1.0,2355.472
555,0.0,-9.5,20.0,0.0,0.0,0.0,1.0,2355.5
556,0.0,-9.5,20.0,0.0,0.0,0.0,1.0,2355.5
557,0.0,-9.5,20.0,0.0,0.0,0.0,1.0,2355.512
558,0.0,-9.5,20.0,0.0,0.0,0.0,1.0,2355.532
559,0.0,-9.5,20.0,0.0,0.0,0.0,1.0,2355.572
560,0.0,-9.5,20.0,0.0,0.0,0.0,1.0,2355.572
561,0.0,-9.5,20.0,0.0,0.0,0.0,1.0,2355.6
562,0.0,-9.5,20.0,0.0,0.0,0.0,1.0,2355.612
563,0.0,-9.5,20.0,0.0,0.0,0.0,1.0,2355.656
564,0.0,-9.5,20.0,0.0,0.0,0.0,1.0,2355.656
565,0.0,-9.5,20.0,0.0,0.0,0.0,1.0,2355.7
566,0.0,-9.5,20.0,0.0,0.0,0.0,1.0,2355.7
567,0.0,-9.5,20.0,0.0,0.0,0.0,1.0,2355.712
568,0.0,-9.5,20.0,0.0,0.0,0.0,1.0,2355.732
569,0.0,-9.5,20.0,0.0,0.0,0.0,1.0,2355.772
570,0.0,-9.5,20.0,0.0,0.0,0.0,1.0,2355.772
571,0.0,-9.5,20.0,0.0,0.0,0.0,1.0,2355.796
572,0.0,-9.5,20.0,0.0,0.0,0.0,1.0,2355.812
573,0.0,-9.5,20.0,0.0,0.0,0.0,1.0,2355.856
574,0.0,-9.5,20.0,0.0,0.0,0.0,1.0,2355.856
575,0.0,-9.5,20.0,0.0,0.0,0.0,1.0,2355.896
576,0.0,-9.5,20.0,0.0,0.0,0.0,1.0,2355.896
577,0.0,-9.5,20.0,0.0,0.0,0.0,1.0,2355.912
578,0.0,-9.5,20.0,0.0,0.0,0.0,1.0,2355.932
579,0.0,-9.5,20.0,0.0,0.0,0.0,1.0,2355.972
580,0.0,-9.5,20.0,0.0,0.0,0.0,1.0,2355.972
581,0.0,-9.5,20.0,0.0,0.0,0.0,1.0,2356.0
582,0.0,-9.5,20.0,0.0,0.0,0.0,1.0,2356.012
583,0.0,-9.5,20.0,0.0,0.0,0.0,1.0,2356.056
584,0.0,-9.5,20.0,0.0,0.0,0.0,1.0,2356.056
585,0.0,-9.5,20.0,0.0,0.0,0.0,1.0,2356.096
586,0.0,-9.5,20.0,0.0,0.0,0.0,1.0,2356.096
587,0.0,-9.5,20.0,0.0,0.0,0.0,1.0,2356.112
588,0.0,-9.5,20.0,0.0,0.0,0.0,1.0,2356.132
589,0.0,-9.5,20.0,0.0,0.0,0.0,1.0,2356.172
590,0.0,-9.5,20.0,0.0,0.0,0.0,1.0,2356.172
591,0.0,-9.5,20.0,0.0,0.0,0.0,1.0,2356.196
592,0.0,-9.5,20.0,0.0,0.0,0.0,1.0,2356.212
593,0.0,-9.5,20.0,0.0,0.0,0.0,1.0,2356.256
594,0.0,-9.5,20.0,0.0,0.0,0.0,1.0,2356.256
595,0.0,-9.5,20.0,0.0,0.0,0.0,1.0,2356.296
596,0.0,-9.5,20.0,0.0,0.0,0.0,1.0,2356.296
597,0.0,-9.5,20.0,0.0,0.0,0.0,1.0,2356.312
598,0.0,-9.5,20.0,0.0,0.0,0.0,1.0,2356.332
599,0.0,-9.5,20.0,0.0,0.0,0.0,1.0,2356.372
600,0.0,-9.5,20.0,0.0,0.0,0.0,1.0,2356.372
601,0.0,-9.5,20.0,0.0,0.0,0.0,1.0,2356.4
602,0.0,-9.5,20.0,0.0,0.0,0.0,1.0,2356.412
603,0.0,-9.5,20.0,0.0,0.0,0.0,1.0,2356.452
604,0.0,-9.5,20.0,0.0,0.0,0.0,1.0,2356.452
605,0.0,-9.5,20.0,0.0,0.0,0.0,1.0,2356.496
606,0.0,-9.5,20.0,0.0,0.0,0.0,1.0,2356.496
607,0.0,-9.5,20.0,0.0,0.0,0.0,1.0,2356.512
608,0.0,-9.5,20.0,0.0,0.0,0.0,1.0,2356.532
609,0.0,-9.5,20.0,0.0,0.0,0.0,1.0,2356.572
610,0.0,-9.5,20.0,0.0,0.0,0.0,1.0,2356.572
611,0.0,-9.5,20.0,0.0,0.0,0.0,1.0,2356.592
612,0.0,-9.5,20.0,0.0,0.0,0.0,1.0,2356.612
613,0.0,-9.5,20.0,0.0,0.0,0.0,1.0,2356.656
614,0.0,-9.5,20.0,0.0,0.0,0.0,1.0,2356.656
615,0.0,-9.5,20.0,0.0,0.0,0.0,1.0,2356.7
616,0.0,-9.5,20.0,0.0,0.0,0.0,1.0,2356.7
617,0.0,-9.5,20.0,0.0,0.0,0.0,1.0,2356.712
618,0.0,-9.5,20.0,0.0,0.0,0.0,1.0,2356.732
619,0.0,-9.5,20.0,0.0,0.0,0.0,1.0,2356.772
620,0.0,-9.5,20.0,0.0,0.0,0.0,1.0,2356.776
621,0.0,-9.5,20.0,0.0,0.0,0.0,1.0,2356.8
622,0.0,-9.5,20.0,0.0,0.0,0.0,1.0,2356.812
623,0.0,-9.5,20.0,0.0,0.0,0.0,1.0,2356.852
624,0.0,-9.5,20.0,0.0,0.0,0.0,1.0,2356.852
625,0.0,-9.5,20.0,0.0,0.0,0.0,1.0,2356.892
626,0.0,-9.5,20.0,0.0,0.0,0.0,1.0,2356.892
627,0.0,-9.5,20.0,0.0,0.0,0.0,1.0,2356.912
628,0.0,-9.5,20.0,0.0,0.0,0.0,1.0,2356.932
629,0.0,-9.5,20.0,0.0,0.0,0.0,1.0,2356.972
630,0.0,-9.5,20.0,0.0,0.0,0.0,1.0,2356.972
631,0.0,-9.5,20.0,0.0,0.0,0.0,1.0,2357.0
632,0.0,-9.5,20.0,0.0,0.0,0.0,1.0,2357.012
633,0.0,-9.5,20.0,0.0,0.0,0.0,1.0,2357.052
634,0.0,-9.5,20.0,0.0,0.0,0.0,1.0,2357.052
635,0.0,-9.5,20.0,0.0,0.0,0.0,1.0,2357.092
636,0.0,-9.5,20.0,0.0,0.0,0.0,1.0,2357.092
637,0.0,-9.5,20.0,0.0,0.0,0.0,1.0,2357.112
638,0.0,-9.5,20.0,0.0,0.0,0.0,1.0,2357.132
639,0.0,-9.5,20.0,0.0,0.0,0.0,1.0,2357.172
640,0.0,-9.5,20.0,0.0,0.0,0.0,1.0,2357.2
641,0.0,-9.5,20.0,0.0,0.0,0.0,1.0,2357.2
642,0.0,-9.5,20.0,0.0,0.0,0.0,1.0,2357.212
643,0.0,-9.5,20.0,0.0,0.0,0.0,1.0,2357.232
644,0.0,-9.5,20.0,0.0,0.0,0.0,1.0,2357.276
645,0.0,-9.5,20.0,0.0,0.0,0.0,1.0,2357.276
646,0.0,-9.5,20.0,0.0,0.0,0.0,1.0,2357.296
647,0.0,-9.5,20.0,0.0,0.0,0.0,1.0,2357.312
648,0.0,-9.5,20.0,0.0,0.0,0.0,1.0,2357.352
649,0.0,-9.5,20.0,0.0,0.0,0.0,1.0,2357.352
650,0.0,-9.5,20.0,0.0,0.0,0.0,1.0,2357.396
651,0.0,-9.5,20.0,0.0,0.0,0.0,1.0,2357.396
652,0.0,-9.5,20.0,0.0,0.0,0.0,1.0,2357.412
653,0.0,-9.5,20.0,0.0,0.0,0.0,1.0,2357.432
654,0.0,-9.5,20.0,0.0,0.0,0.0,1.0,2357.472
655,0.0,-9.5,20.0,0.0,0.0,0.0,1.0,2357.472
656,0.0,-9.5,20.0,0.0,0.0,0.0,1.0,2357.492
657,0.0,-9.5,20.0,0.0,0.0,0.0,1.0,2357.512
658,0.0,-9.5,20.0,0.0,0.0,0.0,1.0,2357.552
659,0.0,-9.5,20.0,0.0,0.0,0.0,1.0,2357.552
660,0.0,-9.5,20.0,0.0,0.0,0.0,1.0,2357.596
661,0.0,-9.5,20.0,0.0,0.0,0.0,1.0,2357.596
662,0.0,-9.5,20.0,0.0,0.0,0.0,1.0,2357.612
663,0.0,-9.5,20.0,0.0,0.0,0.0,1.0,2357.632
664,0.0,-9.5,20.0,0.0,0.0,0.0,1.0,2357.672
665,0.0,-9.5,20.0,0.0,0.0,0.0,1.0,2357.672
666,0.0,-9.5,20.0,0.0,0.0,0.0,1.0,2357.696
667,0.0,-9.5,20.0,0.0,0.0,0.0,1.0,2357.712
668,0.0,-9.5,20.0,0.0,0.0,0.0,1.0,2357.756
669,0.0,-9.5,20.0,0.0,0.0,0.0,1.0,2357.756
670,0.0,-9.5,20.0,0.0,0.0,0.0,1.0,2357.8
671,0.0,-9.5,20.0,0.0,0.0,0.0,1.0,2357.8
672,0.0,-9.5,20.0,0.0,0.0,0.0,1.0,2357.812
673,0.0,-9.5,20.0,0.0,0.0,0.0,1.0,2357.832
674,0.0,-9.5,20.0,0.0,0.0,0.0,1.0,2357.868
675,0.0,-9.5,20.0,0.0,0.0,0.0,1.0,2357.9
676,0.0,-9.5,20.0,0.0,0.0,0.0,1.0,2357.9
677,0.0,-9.5,20.0,0.0,0.0,0.0,1.0,2357.912
678,0.0,-9.5,20.0,0.0,0.0,0.0,1.0,2357.932
679,0.0,-9.5,20.0,0.0,0.0,0.0,1.0,2357.972
680,0.0,-9.5,20.0,0.0,0.0,0.0,1.0,2357.992
681,0.0,-9.5,20.0,0.0,0.0,0.0,1.0,2357.992
682,0.0,-9.5,20.0,0.0,0.0,0.0,1.0,2358.012
683,0.0,-9.5,20.0,0.0,0.0,0.0,1.0,2358.032
684,0.0,-9.5,20.0,0.0,0.0,0.0,1.0,2358.072
685,0.0,-9.5,20.0,0.0,0.0,0.0,1.0,2358.072
686,0.0,-9.5,20.0,0.0,0.0,0.0,1.0,2358.092
687,0.0,-9.5,20.0,0.0,0.0,0.0,1.0,2358.112
688,0.0,-9.5,20.0,0.0,0.0,0.0,1.0,2358.156
689,0.0,-9.5,20.0,0.0,0.0,0.0,1.0,2358.156
690,0.0,-9.5,20.0,0.0,0.0,0.0,1.0,2358.192
691,0.0,-9.5,20.0,0.0,0.0,0.0,1.0,2358.192
692,0.0,-9.5,20.0,0.0,0.0,0.0,1.0,2358.212
693,0.0,-9.5,20.0,0.0,0.0,0.0,1.0,2358.232
694,0.0,-9.5,20.0,0.0,0.0,0.0,1.0,2358.268
695,0.0,-9.5,20.0,0.0,0.0,0.0,1.0,2358.268
696,0.0,-9.5,20.0,0.0,0.0,0.0,1.0,2358.296
697,0.0,-9.5,20.0,0.0,0.0,0.0,1.0,2358.312
698,0.0,-9.5,20.0,0.0,0.0,0.0,1.0,2358.352
699,0.0,-9.5,20.0,0.0,0.0,0.0,1.0,2358.356
700,0.0,-9.5,20.0,0.0,0.0,0.0,1.0,2358.396
701,0.0,-9.5,20.0,0.0,0.0,0.0,1.0,2358.396
702,0.0,-9.5,20.0,0.0,0.0,0.0,1.0,2358.412
703,0.0,-9.5,20.0,0.0,0.0,0.0,1.0,2358.432
704,0.0,-9.5,20.0,0.0,0.0,0.0,1.0,2358.468
705,0.0,-9.5,20.0,0.0,0.0,0.0,1.0,2358.492
706,0.0,-9.5,20.0,0.0,0.0,0.0,1.0,2358.492
707,0.0,-9.5,20.0,0.0,0.0,0.0,1.0,2358.512
708,0.0,-9.5,20.0,0.0,0.0,0.0,1.0,2358.532
709,0.0,-9.5,20.0,0.0,0.0,0.0,1.0,2358.572
710,0.0,-9.5,20.0,0.0,0.0,0.0,1.0,2358.6
711,0.0,-9.5,20.0,0.0,0.0,0.0,1.0,2358.6
712,0.0,-9.5,20.0,0.0,0.0,0.0,1.0,2358.612
713,0.0,-9.5,20.0,0.0,0.0,0.0,1.0,2358.632
714,0.0,-9.5,20.0,0.0,0.0,0.0,1.0,2358.672
715,0.0,-9.5,20.0,0.0,0.0,0.0,1.0,2358.672
716,0.0,-9.5,20.0,0.0,0.0,0.0,1.0,2358.692
717,0.0,-9.5,20.0,0.0,0.0,0.0,1.0,2358.712
718,0.0,-9.5,20.0,0.0,0.0,0.0,1.0,2358.752
719,0.0,-9.5,20.0,0.0,0.0,0.0,1.0,2358.792
720,0.0,-9.5,20.0,0.0,0.0,0.0,1.0,2358.792
721,0.0,-9.5,20.0,0.0,0.0,0.0,1.0,2358.792
722,0.0,-9.5,20.0,0.0,0.0,0.0,1.0,2358.812
723,0.0,-9.5,20.0,0.0,0.0,0.0,1.0,2358.832
724,0.0,-9.5,20.0,0.0,0.0,0.0,1.0,2358.876
725,0.0,-9.5,20.0,0.0,0.0,0.0,1.0,2358.876
726,0.0,-9.5,20.0,0.0,0.0,0.0,1.0,2358.896
727,0.0,-9.5,20.0,0.0,0.0,0.0,1.0,2358.912
728,0.0,-9.5,20.0,0.0,0.0,0.0,1.0,2358.948
729,0.0,-9.5,20.0,0.0,0.0,0.0,1.0,2358.988
730,0.0,-9.5,20.0,0.0,0.0,0.0,1.0,2358.988
731,0.0,-9.5,20.0,0.0,0.0,0.0,1.0,2358.992
732,0.0,-9.5,20.0,0.0,0.0,0.0,1.0,2359.012
733,0.0,-9.5,20.0,0.0,0.0,0.0,1.0,2359.052
734,0.0,-9.5,20.0,0.0,0.0,0.0,1.0,2359.052
735,0.0,-9.5,20.0,0.0,0.0,0.0,1.0,2359.096
736,0.0,-9.5,20.0,0.0,0.0,0.0,1.0,2359.096
