,error,time
0,0.16338889300823212,329704000000
1,0.16338889300823212,329724000000
2,0.16267140209674835,329744000000
3,0.16267140209674835,329764000000
4,0.16195794939994812,329784000000
5,0.16183976829051971,329804000000
6,0.16136908531188965,329824000000
7,0.16136908531188965,329844000000
8,0.16125181317329407,329864000000
9,0.1607832908630371,329884000000
10,0.1607832908630371,329900000000
11,0.16031484305858612,329924000000
12,0.16031484305858612,329944000000
13,0.15972900390625,329964000000
14,0.1590268462896347,329984000000
15,0.1590268462896347,330004000000
16,0.1587938815355301,330024000000
17,0.15821555256843567,330044000000
18,0.15821555256843567,330064000000
19,0.15798602998256683,330084000000
20,0.15764378011226654,330104000000
21,0.15764378011226654,330124000000
22,0.15764378011226654,330144000000
23,0.15707838535308838,330164000000
24,0.15652061998844147,330184000000
25,0.15652061998844147,330204000000
26,1.3290059566497803,330224000000
27,1.3636139631271362,330244000000
28,1.3977493047714233,330264000000
29,1.4318897724151611,330284000000
30,1.4665162563323975,330304000000
31,1.5007253885269165,330324000000
32,1.5353622436523438,330344000000
33,1.5692166090011597,330364000000
34,1.6027899980545044,330384000000
35,1.6370859146118164,330400000000
36,1.6717407703399658,330424000000
37,1.7060034275054932,330444000000
38,1.7406646013259888,330464000000
39,1.7732888460159302,330484000000
40,1.8041778802871704,330504000000
41,1.8388495445251465,330528000000
42,1.8689005374908447,330544000000
43,1.8966447114944458,330564000000
44,1.9211251735687256,330584000000
45,1.9534047842025757,330604000000
46,1.988095760345459,330624000000
47,2.0088043212890625,330644000000
48,2.043503522872925,330664000000
49,2.0607573986053467,330684000000
50,2.0874452590942383,330704000000
51,2.1221539974212646,330724000000
52,2.148242950439453,330744000000
53,2.1829538345336914,330764000000
54,2.1936376094818115,330784000000
55,2.195537805557251,330804000000
56,2.2302441596984863,330828000000
57,2.2412471771240234,330844000000
58,2.269005298614502,330864000000
59,2.270015001296997,330884000000
60,2.29038667678833,330904000000
61,2.325066089630127,330924000000
62,2.3449459075927734,330944000000
63,2.385249376296997,330964000000
64,2.388284206390381,330984000000
65,2.387864589691162,331004000000
66,2.4300289154052734,331024000000
67,2.4259285926818848,331044000000
68,2.4680652618408203,331064000000
69,2.4602346420288086,331084000000
70,2.448511838912964,331104000000
71,2.4905753135681152,331124000000
72,2.5326457023620605,331144000000
73,2.516965627670288,331164000000
74,2.4977915287017822,331184000000
75,2.527139186859131,331204000000
76,2.569113254547119,331224000000
77,2.5983192920684814,331244000000
78,2.6403000354766846,331264000000
79,2.547421932220459,331284000000
80,2.589294910430908,331304000000
81,2.63118052482605,331324000000
82,2.5710463523864746,331344000000
83,2.6128623485565186,331364000000
84,2.577958583831787,331384000000
85,2.588134527206421,331404000000
86,2.6298959255218506,331424000000
87,2.6556594371795654,331444000000
88,2.6974382400512695,331464000000
89,2.673842191696167,331484000000
90,2.6311123371124268,331504000000
91,2.67281174659729,331524000000
92,2.55648136138916,331544000000
93,2.6040334701538086,331564000000
94,2.558987617492676,331584000000
95,2.5496320724487305,331604000000
96,2.5586719512939453,331624000000
97,2.6061582565307617,331644000000
98,2.6342663764953613,331664000000
99,2.603137493133545,331684000000
100,2.650627374649048,331704000000
101,2.6178975105285645,331720000000
102,2.6653804779052734,331744000000
103,2.5897438526153564,331764000000
104,2.532264471054077,331784000000
105,2.5371224880218506,331804000000
106,2.5845143795013428,331820000000
107,2.61053204536438,331844000000
108,2.657977819442749,331864000000
109,2.6189777851104736,331884000000
110,2.5567398071289062,331904000000
111,2.604140520095825,331924000000
112,2.651576519012451,331944000000
113,2.5876269340515137,331964000000
114,2.522268295288086,331984000000
115,2.5696420669555664,332004000000
116,2.503024101257324,332024000000
117,2.5516035556793213,332044000000
118,2.4888241291046143,332064000000
119,2.4020276069641113,332084000000
120,2.4542078971862793,332104000000
121,2.4132277965545654,332124000000
122,2.4654343128204346,332144000000
123,2.4943184852600098,332164000000
124,2.452944278717041,332184000000
125,2.5052099227905273,332204000000
126,2.557525634765625,332224000000
127,2.4689292907714844,332244000000
128,2.5212347507476807,332264000000
129,2.3385729789733887,332284000000
130,2.367328643798828,332304000000
131,2.419585943222046,332324000000
132,2.3780343532562256,332344000000
133,2.4303231239318848,332364000000
134,2.4357657432556152,332384000000
135,2.3245537281036377,332404000000
136,2.3768293857574463,332424000000
137,2.3825831413269043,332444000000
138,2.318929433822632,332464000000
139,2.3278024196624756,332484000000
140,2.2922139167785645,332504000000
141,2.348640203475952,332524000000
142,2.4051308631896973,332544000000
143,2.347235918045044,332564000000
144,2.2902839183807373,332584000000
145,2.279163122177124,332604000000
146,2.313154697418213,332624000000
147,2.3696351051330566,332644000000
148,2.4037256240844727,332664000000
149,2.370897054672241,332684000000
150,2.3166890144348145,332704000000
151,2.3731472492218018,332724000000
152,2.4296672344207764,332744000000
153,2.376389741897583,332764000000
154,2.3242225646972656,332784000000
155,2.29457426071167,332804000000
156,2.3509140014648438,332824000000
157,2.3858823776245117,332844000000
158,2.4456140995025635,332864000000
159,2.335634469985962,332884000000
160,2.395430088043213,332904000000
161,2.413236379623413,332924000000
162,2.3687469959259033,332944000000
163,2.428509473800659,332964000000
164,2.385021924972534,332984000000
165,2.4037363529205322,333004000000
166,2.4634456634521484,333024000000
167,2.482300281524658,333044000000
168,2.5420820713043213,333064000000
169,2.500192403793335,333084000000
170,2.439469814300537,333104000000
171,2.4989676475524902,333124000000
172,2.479109287261963,333144000000
173,2.5385684967041016,333164000000
174,2.4629502296447754,333184000000
175,2.5056002140045166,333204000000
176,2.567668914794922,333224000000
177,2.610435724258423,333244000000
178,2.6726622581481934,333264000000
179,2.5440869331359863,333284000000
180,2.6058547496795654,333304000000
181,2.6677472591400146,333324000000
182,2.654818296432495,333344000000
183,2.7166616916656494,333364000000
184,2.6315743923187256,333384000000
185,2.657102584838867,333404000000
186,2.718564748764038,333424000000
187,2.691161632537842,333444000000
188,2.7539093494415283,333464000000
189,2.6952896118164062,333484000000
190,2.7410356998443604,333504000000
191,2.8039276599884033,333524000000
192,2.8498923778533936,333544000000
193,2.913041114807129,333564000000
194,2.8281826972961426,333584000000
195,2.8906993865966797,333604000000
196,2.92214298248291,333624000000
197,2.9103550910949707,333644000000
198,2.9725568294525146,333664000000
199,2.9389021396636963,333684000000
200,2.9876179695129395,333704000000
201,3.049452543258667,333724000000
202,3.098504066467285,333744000000
203,3.160762071609497,333764000000
204,3.1720008850097656,333784000000
205,3.164655923843384,333804000000
206,3.226149320602417,333824000000
207,3.2466607093811035,333844000000
208,3.262660264968872,333864000000
209,3.292419672012329,333884000000
210,3.3429129123687744,333904000000
211,3.400632619857788,333924000000
212,3.4273900985717773,333940000000
213,3.484893321990967,333960000000
214,3.5174686908721924,333984000000
215,3.5592055320739746,334004000000
216,3.6159284114837646,334024000000
217,3.6731340885162354,334044000000
218,3.7199654579162598,334064000000
219,3.7585179805755615,334084000000
220,3.802236318588257,334104000000
221,3.8505232334136963,334124000000
222,3.903592586517334,334144000000
223,3.951631784439087,334160000000
224,4.015120983123779,334184000000
225,4.046234130859375,334204000000
226,4.081659317016602,334224000000
227,4.114530086517334,334244000000
228,4.154274940490723,334264000000
229,4.2169508934021,334284000000
230,4.249032020568848,334304000000
231,4.287331581115723,334324000000
232,4.296772003173828,334344000000
233,4.3075079917907715,334364000000
234,4.337973594665527,334384000000
235,4.3493523597717285,334404000000
236,4.388379096984863,334424000000
237,4.379066467285156,334444000000
238,4.3906779289245605,334464000000
239,4.39126443862915,334484000000
240,4.383058071136475,334504000000
241,4.385509014129639,334524000000
242,4.379256725311279,334544000000
243,4.368964195251465,334564000000
244,4.41015625,334584000000
245,4.388657093048096,334604000000
246,4.384638786315918,334624000000
247,4.382436275482178,334644000000
248,4.363454818725586,334664000000
249,4.373060703277588,334684000000
250,4.406731128692627,334704000000
251,4.381186008453369,334724000000
252,4.463158130645752,334744000000
253,4.433346748352051,334764000000
254,4.473944664001465,334784000000
255,4.488465309143066,334804000000
256,4.473993301391602,334824000000
257,4.445615768432617,334844000000
258,4.432775020599365,334864000000
259,4.4647440910339355,334884000000
260,4.43131160736084,334904000000
261,4.4735870361328125,334924000000
262,4.43967342376709,334944000000
263,4.469164848327637,334964000000
264,4.535710334777832,334984000000
265,4.535605430603027,335004000000
266,4.500974178314209,335024000000
267,4.48451566696167,335044000000
268,4.612808704376221,335072000000
269,4.560471534729004,335084000000
270,4.630526542663574,335104000000
271,4.5885443687438965,335124000000
272,4.547863483428955,335144000000
273,4.52657413482666,335164000000
274,4.5609283447265625,335184000000
275,4.6162261962890625,335204000000
276,4.574835300445557,335224000000
277,4.534759998321533,335244000000
278,4.589367866516113,335264000000
279,4.647036552429199,335284000000
280,4.604233264923096,335304000000
281,4.637879848480225,335324000000
282,4.631236553192139,335344000000
283,4.584183216094971,335364000000
284,4.5976057052612305,335384000000
285,4.653419494628906,335404000000
286,4.604877948760986,335424000000
287,4.640540599822998,335444000000
288,4.700584888458252,335464000000
289,4.740925312042236,335484000000
290,4.711679458618164,335504000000
291,4.659839630126953,335524000000
292,4.630004405975342,335544000000
293,4.575976848602295,335564000000
294,4.610055446624756,335584000000
295,4.669687747955322,335604000000
296,4.6129984855651855,335624000000
297,4.650439262390137,335644000000
298,4.715583324432373,335664000000
299,4.706742286682129,335684000000
300,4.7507853507995605,335704000000
301,4.6895365715026855,335724000000
302,4.629385948181152,335744000000
303,4.699651718139648,335764000000
304,4.775399684906006,335784000000
305,4.823312282562256,335804000000
306,4.754485607147217,335824000000
307,4.6866679191589355,335848000000
308,4.763991355895996,335864000000
309,4.8469038009643555,335884000000
310,4.806829452514648,335904000000
311,4.736009120941162,335924000000
312,4.6964192390441895,335944000000
313,4.626901626586914,335964000000
314,4.678989410400391,335984000000
315,4.800012588500977,336004000000
316,4.727202892303467,336024000000
317,4.786844730377197,336044000000
318,4.882386684417725,336064000000
319,4.947146415710449,336084000000
320,4.903498649597168,336104000000
321,4.8237080574035645,336124000000
322,4.780486583709717,336144000000
323,4.701775074005127,336164000000
324,4.992509365081787,336184000000
325,4.987795829772949,336204000000
326,4.905488014221191,336224000000
327,4.901010990142822,336244000000
328,4.819197654724121,336264000000
329,4.932880401611328,336284000000
330,5.051093101501465,336304000000
331,4.963696479797363,336324000000
332,5.081598281860352,336344000000
333,4.993553638458252,336364000000
334,5.114402770996094,336384000000
335,5.1102294921875,336404000000
336,5.02151346206665,336424000000
337,5.145115852355957,336444000000
338,5.0559186935424805,336464000000
339,5.268167495727539,336484000000
340,5.178001403808594,336504000000
341,5.088359832763672,336524000000
342,5.042198657989502,336544000000
343,4.953382968902588,336564000000
344,5.251416206359863,336584000000
345,5.158031463623047,336604000000
346,5.239743709564209,336624000000
347,5.366117477416992,336644000000
348,5.272209167480469,336664000000
349,5.442315578460693,336680000000
350,5.39206600189209,336704000000
351,5.298251152038574,336724000000
352,5.248460292816162,336744000000
353,5.155491352081299,336764000000
354,5.235787391662598,336784000000
355,5.401012420654297,336804000000
356,5.3077545166015625,336824000000
357,5.5094757080078125,336844000000
358,5.4132256507873535,336864000000
359,5.525716781616211,336884000000
360,5.512130260467529,336904000000
361,5.4164533615112305,336924000000
362,5.4026713371276855,336944000000
363,5.307835578918457,336964000000
364,5.41335916519165,336984000000
365,5.514699935913086,337004000000
366,5.497209548950195,337024000000
367,5.592126846313477,337044000000
368,5.497908592224121,337064000000
369,5.587818145751953,337084000000
370,5.563868999481201,337104000000
371,5.468199729919434,337124000000
372,5.40861177444458,337144000000
373,5.314204216003418,337160000000
374,5.527896881103516,337184000000
375,5.433741092681885,337204000000
376,5.34032678604126,337224000000
377,5.472567558288574,337244000000
378,5.379752159118652,337264000000
379,5.440736293792725,337284000000
380,5.4082794189453125,337304000000
381,5.316931247711182,337324000000
382,5.25478458404541,337344000000
383,5.163269519805908,337364000000
384,5.322316646575928,337384000000
385,5.336069583892822,337404000000
386,5.245455265045166,337420000000
387,5.155860900878906,337444000000
388,5.092487812042236,337464000000
389,5.1026835441589355,337484000000
390,5.154849529266357,337504000000
391,5.067724227905273,337524000000
392,5.090350151062012,337544000000
393,5.004641532897949,337564000000
394,5.0410380363464355,337584000000
395,4.994128227233887,337604000000
396,4.909709930419922,337624000000
397,4.845214366912842,337644000000
398,4.763507843017578,337660000000
399,4.836684226989746,337684000000
400,4.755821228027344,337704000000
401,4.676572322845459,337724000000
402,4.7022552490234375,337744000000
403,4.624413013458252,337764000000
404,4.626199245452881,337784000000
405,4.562111854553223,337804000000
406,4.48766565322876,337824000000
407,4.426446437835693,337844000000
408,4.355861186981201,337864000000
409,4.327488422393799,337884000000
410,4.304476737976074,337904000000
411,4.237186908721924,337924000000
412,4.20917272567749,337944000000
413,4.144601345062256,337964000000
414,4.111161708831787,337984000000
415,4.076055526733398,338004000000
416,4.014713764190674,338024000000
417,3.9677927494049072,338044000000
418,3.9107863903045654,338064000000
419,3.862394094467163,338084000000
420,3.80765962600708,338104000000
421,3.7551629543304443,338124000000
422,3.704392671585083,338144000000
423,3.6580522060394287,338164000000
424,3.5848982334136963,338184000000
425,3.5391831398010254,338204000000
426,3.4994354248046875,338224000000
427,3.409468650817871,338244000000
428,3.3711354732513428,338264000000
429,3.2986507415771484,338284000000
430,3.256086826324463,338304000000
431,3.225409984588623,338324000000
432,3.1892740726470947,338344000000
433,3.1670029163360596,338364000000
434,3.036546468734741,338384000000
435,3.018181562423706,338404000000
436,2.980560064315796,338424000000
437,2.9046664237976074,338444000000
438,2.8962557315826416,338464000000
439,2.8035638332366943,338484000000
440,2.784768581390381,338504000000
441,2.7865006923675537,338524000000
442,2.7764692306518555,338544000000
443,2.7938830852508545,338564000000
444,2.6486575603485107,338584000000
445,2.6707944869995117,338604000000
446,2.6988675594329834,338624000000
447,2.6021268367767334,338644000000
448,2.636831045150757,338664000000
449,2.5623769760131836,338684000000
450,2.6096975803375244,338704000000
451,2.632586717605591,338724000000
452,2.6904091835021973,338744000000
453,2.678541660308838,338764000000
454,2.6795709133148193,338784000000
455,2.747457504272461,338804000000
456,2.811711311340332,338824000000
457,2.880279302597046,338844000000
458,2.96394419670105,338864000000
459,2.9573800563812256,338884000000
460,3.043982982635498,338904000000
461,3.1037659645080566,338924000000
462,3.1823885440826416,338944000000
463,3.2748265266418457,338960000000
464,3.353386640548706,338984000000
465,3.428907632827759,339004000000
466,3.512183666229248,339024000000
467,3.6039621829986572,339044000000
468,3.688573122024536,339064000000
469,3.772326707839966,339084000000
470,3.8444151878356934,339104000000
471,3.9067928791046143,339124000000
472,3.961787462234497,339144000000
473,3.9962751865386963,339164000000
474,4.055123329162598,339184000000
475,4.114471912384033,339204000000
476,4.116554260253906,339224000000
477,4.132410526275635,339244000000
478,4.14040470123291,339264000000
479,4.19811487197876,339284000000
480,4.178290367126465,339304000000
481,4.162854194641113,339324000000
482,4.159635543823242,339344000000
483,4.150260925292969,339364000000
484,4.173115253448486,339384000000
485,4.144665241241455,339404000000
486,4.120645999908447,339424000000
487,4.154062271118164,339444000000
488,4.12658166885376,339464000000
489,4.139327049255371,339484000000
490,4.111496925354004,339504000000
491,4.078218936920166,339524000000
492,4.0559306144714355,339544000000
493,4.030389308929443,339564000000
494,4.073890686035156,339584000000
495,4.082982063293457,339604000000
496,4.043978214263916,339624000000
497,4.009588718414307,339644000000
498,3.9871647357940674,339660000000
499,3.9607467651367188,339684000000
500,4.004825115203857,339704000000
501,3.973405599594116,339724000000
502,4.0066633224487305,339744000000
503,3.966935873031616,339764000000
504,3.978726863861084,339784000000
505,3.9494919776916504,339804000000
506,3.9139623641967773,339824000000
507,3.889857292175293,339844000000
508,3.8625552654266357,339864000000
509,3.900412082672119,339884000000
510,3.8598220348358154,339904000000
511,3.836644411087036,339924000000
512,3.83553147315979,339944000000
513,3.7969655990600586,339964000000
514,3.803577423095703,339984000000
515,3.7789924144744873,340004000000
516,3.7401609420776367,340024000000
517,3.728522539138794,340048000000
518,3.6802659034729004,340064000000
519,3.689023733139038,340084000000
520,3.661200761795044,340104000000
521,3.6195147037506104,340124000000
522,3.587775707244873,340144000000
523,3.5550990104675293,340164000000
524,3.569004535675049,340184000000
525,3.524672746658325,340204000000
526,3.4946341514587402,340224000000
527,3.4868621826171875,340244000000
528,3.4409642219543457,340264000000
529,3.454204559326172,340284000000
530,3.4023303985595703,340304000000
531,3.3710434436798096,340324000000
532,3.3257768154144287,340344000000
533,3.315854072570801,340364000000
534,3.3116774559020996,340384000000
535,3.2753753662109375,340404000000
536,3.2182624340057373,340424000000
537,3.215041399002075,340444000000
538,3.1561453342437744,340464000000
539,3.1705451011657715,340484000000
540,3.134446144104004,340504000000
541,3.071009874343872,340524000000
542,3.0204031467437744,340544000000
543,2.963223457336426,340564000000
544,3.015437602996826,340584000000
545,2.9434704780578613,340604000000
546,2.905780076980591,340624000000
547,2.9231059551239014,340644000000
548,2.8484370708465576,340660000000
549,2.8722383975982666,340680000000
550,2.8342373371124268,340704000000
551,2.7527990341186523,340724000000
552,2.782236099243164,340744000000
553,2.6975128650665283,340764000000
554,2.762998580932617,340784000000
555,2.7270255088806152,340804000000
556,2.6356594562530518,340824000000
557,2.688230037689209,340840000000
558,2.5911214351654053,340864000000
559,2.6484971046447754,340884000000
560,2.6118743419647217,340904000000
561,2.509489059448242,340924000000
562,2.4726853370666504,340944000000
563,2.37602162361145,340964000000
564,2.431720495223999,340984000000
565,2.5413246154785156,341004000000
566,2.4265551567077637,341024000000
567,2.3503286838531494,341040000000
568,2.2424890995025635,341064000000
569,2.2676849365234375,341084000000
570,2.3330159187316895,341104000000
571,2.2162423133850098,341124000000
572,2.245316982269287,341144000000
573,2.3163652420043945,341164000000
574,2.349261522293091,341184000000
575,2.2989118099212646,341204000000
576,2.1647491455078125,341224000000
577,2.198213577270508,341244000000
578,2.063199996948242,341264000000
579,2.1899518966674805,341284000000
580,2.1415393352508545,341304000000
581,1.9970721006393433,341324000000
582,1.9003397226333618,341344000000
583,1.7602519989013672,341364000000
584,2.115091562271118,341384000000
585,1.9674171209335327,341404000000
586,1.9322187900543213,341424000000
587,2.075533390045166,341444000000
588,1.9260929822921753,341464000000
589,2.1587846279144287,341484000000
590,2.079660177230835,341504000000
591,1.9376192092895508,341524000000
592,1.8652441501617432,341544000000
593,1.7264660596847534,341564000000
594,2.280714750289917,341584000000
595,2.222080707550049,341604000000
596,2.09846830368042,341624000000
597,2.0505447387695312,341644000000
598,1.9369701147079468,341664000000
599,2.5852150917053223,341684000000
600,2.480520725250244,341704000000
601,2.3826677799224854,341724000000
602,2.423779249191284,341744000000
603,2.3404762744903564,341764000000
604,2.833638906478882,341784000000
605,2.7559635639190674,341804000000
606,2.8137295246124268,341824000000
607,3.065513849258423,341844000000
608,3.008612632751465,341868000000
609,3.396716356277466,341884000000
610,3.432365894317627,341904000000
611,3.402953624725342,341924000000
612,3.4590439796447754,341944000000
613,3.4662983417510986,341964000000
614,4.120853900909424,341984000000
615,4.154461860656738,342004000000
616,4.194582462310791,342024000000
617,4.712177276611328,342044000000
618,4.774377822875977,342064000000
619,5.2450737953186035,342084000000
620,5.3794426918029785,342104000000
621,5.460381507873535,342124000000
622,5.611410617828369,342144000000
623,5.699969291687012,342164000000
624,6.370421409606934,342184000000
625,6.4662933349609375,342204000000
626,6.689761161804199,342224000000
627,7.0958781242370605,342244000000
628,7.1967549324035645,342264000000
629,7.716701030731201,342284000000
630,7.88240385055542,342304000000
631,7.99116325378418,342324000000
632,8.16029167175293,342344000000
633,8.272998809814453,342364000000
634,8.963053703308105,342384000000
635,9.078742027282715,342404000000
636,9.307550430297852,342424000000
637,9.698856353759766,342440000000
638,9.81736946105957,342464000000
639,10.25534725189209,342484000000
640,10.428777694702148,342504000000
641,10.552447319030762,342524000000
642,10.604132652282715,342544000000
643,10.604132652282715,342564000000
644,11.113005638122559,342584000000
645,11.163385391235352,342604000000
646,11.163385391235352,342624000000
647,11.21368408203125,342644000000
648,11.21368408203125,342664000000
649,11.664791107177734,342684000000
650,11.664791107177734,342704000000
651,11.865906715393066,342724000000
652,12.06812858581543,342744000000
653,12.06812858581543,342764000000
654,12.374723434448242,342784000000
655,12.477943420410156,342804000000
656,12.477943420410156,342824000000
657,12.529796600341797,342844000000
658,12.529796600341797,342864000000
659,13.00147533416748,342884000000
660,13.00147533416748,342904000000
661,13.00147533416748,342924000000
662,13.367469787597656,342944000000
663,13.367469787597656,342964000000
664,13.511245727539062,342984000000
665,13.512688636779785,343004000000
666,13.512688636779785,343024000000
667,13.524365425109863,343044000000
668,13.524365425109863,343064000000
669,13.55501651763916,343084000000
670,13.55501651763916,343104000000
671,13.560811996459961,343124000000
672,13.560811996459961,343144000000
673,13.560811996459961,343164000000
674,13.6328763961792,343184000000
675,13.676192283630371,343204000000
676,13.676192283630371,343224000000
677,13.73701286315918,343244000000
678,13.73701286315918,343264000000
679,13.78347110748291,343284000000
680,13.787580490112305,343304000000
681,13.787580490112305,343324000000
682,13.791210174560547,343344000000
683,13.791210174560547,343364000000
684,13.807995796203613,343384000000
685,13.807995796203613,343404000000
686,13.808466911315918,343424000000
687,13.80516242980957,343444000000
688,13.80516242980957,343464000000
689,13.794294357299805,343484000000
690,13.794294357299805,343504000000
691,13.78007984161377,343524000000
692,13.78007984161377,343544000000
693,13.75677490234375,343564000000
694,13.729121208190918,343584000000
695,13.729121208190918,343604000000
696,13.716974258422852,343624000000
697,13.685860633850098,343644000000
698,13.685860633850098,343664000000
699,13.649455070495605,343684000000
700,13.642888069152832,343704000000
701,13.642888069152832,343724000000
702,13.636089324951172,343744000000
703,13.636089324951172,343764000000
704,13.555634498596191,343784000000
705,13.555634498596191,343804000000
706,13.537500381469727,343824000000
707,13.489518165588379,343844000000
708,13.489518165588379,343864000000
709,13.427335739135742,343884000000
710,13.406060218811035,343904000000
711,13.406060218811035,343924000000
712,13.406060218811035,343944000000
713,13.395395278930664,343964000000
714,13.29334831237793,343984000000
715,13.268403053283691,344004000000
716,13.268403053283691,344024000000
717,13.255743026733398,344044000000
718,13.255743026733398,344064000000
719,13.128118515014648,344084000000
720,13.128118515014648,344104000000
721,13.103075981140137,344124000000
722,13.042357444763184,344144000000
723,13.042357444763184,344164000000
724,12.987640380859375,344184000000
725,12.967528343200684,344204000000
726,12.967528343200684,344224000000
727,12.919231414794922,344244000000
728,12.919231414794922,344276000000
729,12.872140884399414,344284000000
730,12.854217529296875,344300000000
731,12.854217529296875,344324000000
732,12.84549617767334,344344000000
733,12.84549617767334,344364000000
734,12.775310516357422,344384000000
735,12.775310516357422,344404000000
736,12.762041091918945,344424000000
737,12.731651306152344,344444000000
738,12.731651306152344,344464000000
739,12.6914701461792,344484000000
740,12.68581485748291,344504000000
741,12.68581485748291,344524000000
742,12.658469200134277,344544000000
743,12.658469200134277,344564000000
744,12.622596740722656,344584000000
745,12.622596740722656,344604000000
746,12.622596740722656,344624000000
747,12.617735862731934,344644000000
748,12.617735862731934,344664000000
749,12.579080581665039,344684000000
750,12.579080581665039,344704000000
751,12.565849304199219,344724000000
752,12.555525779724121,344740000000
753,12.555525779724121,344764000000
754,12.555525779724121,344784000000
755,12.552584648132324,344812000000
756,12.552584648132324,344824000000
757,12.552933692932129,344844000000
758,12.552933692932129,344864000000
759,12.564656257629395,344884000000
760,12.569952964782715,344904000000
761,12.569952964782715,344924000000
762,12.572955131530762,344944000000
763,12.572955131530762,344964000000
764,12.615923881530762,344984000000
765,12.62125301361084,345004000000
766,12.62125301361084,345024000000
767,12.626701354980469,345044000000
768,12.626701354980469,345064000000
769,12.6873779296875,345084000000
770,12.6873779296875,345104000000
771,12.700774192810059,345124000000
772,12.735808372497559,345144000000
773,12.735808372497559,345164000000
774,12.781343460083008,345184000000
775,12.797651290893555,345204000000
776,12.797651290893555,345224000000
777,12.806116104125977,345244000000
778,12.806116104125977,345264000000
779,12.891912460327148,345284000000
780,12.891912460327148,345304000000
781,12.912561416625977,345324000000
782,12.965285301208496,345344000000
783,12.965285301208496,345364000000
784,13.019617080688477,345384000000
785,13.019617080688477,345404000000
786,13.019617080688477,345424000000
787,13.098751068115234,345444000000
788,13.098751068115234,345464000000
789,13.179765701293945,345484000000
790,13.191311836242676,345504000000
791,13.191311836242676,345520000000
792,13.248370170593262,345544000000
793,13.248370170593262,345564000000
794,13.315860748291016,345584000000
795,13.327096939086914,345604000000
796,13.327096939086914,345624000000
797,13.3383207321167,345644000000
798,13.3383207321167,345664000000
799,13.43913745880127,345684000000
800,13.43913745880127,345704000000
801,13.461748123168945,345724000000
802,13.519051551818848,345744000000
803,13.519051551818848,345764000000
804,13.60383415222168,345784000000
805,13.60383415222168,345804000000
806,13.616607666015625,345824000000
807,13.616607666015625,345844000000
808,13.682398796081543,345864000000
809,13.750323295593262,345884000000
810,13.80575180053711,345904000000
811,13.80575180053711,345924000000
812,13.87634563446045,345948000000
813,13.87634563446045,345964000000
814,13.947687149047852,345984000000
815,13.97618579864502,346004000000
816,13.97618579864502,346024000000
817,13.990379333496094,346044000000
818,13.990379333496094,346064000000
819,14.046492576599121,346084000000
820,14.128212928771973,346104000000
821,14.128212928771973,346124000000
822,14.220602989196777,346144000000
823,14.220602989196777,346164000000
824,14.285446166992188,346184000000
825,14.298347473144531,346204000000
826,14.298347473144531,346224000000
827,14.311232566833496,346244000000
828,14.311232566833496,346264000000
829,14.441495895385742,346284000000
830,14.441495895385742,346304000000
831,14.441495895385742,346324000000
832,14.496382713317871,346344000000
833,14.554281234741211,346364000000
834,14.631325721740723,346384000000
835,14.663581848144531,346404000000
836,14.663581848144531,346424000000
837,14.69664192199707,346444000000
838,14.69664192199707,346464000000
839,14.854927062988281,346484000000
840,14.891999244689941,346504000000
841,14.891999244689941,346524000000
842,14.910752296447754,346544000000
843,14.910752296447754,346564000000
844,14.987001419067383,346584000000
845,15.084465980529785,346604000000
846,15.084465980529785,346624000000
847,15.223036766052246,346644000000
848,15.223036766052246,346664000000
849,15.242897033691406,346684000000
850,15.3421049118042,346704000000
851,15.3421049118042,346724000000
852,15.3421049118042,346744000000
853,15.460217475891113,346764000000
854,15.576781272888184,346784000000
855,15.596162796020508,346804000000
856,15.596162796020508,346824000000
857,15.615564346313477,346844000000
858,15.615564346313477,346864000000
859,15.81339168548584,346884000000
860,15.854315757751465,346904000000
861,15.854315757751465,346924000000
862,15.87498664855957,346944000000
863,15.87498664855957,346964000000
864,16.06797218322754,346984000000
865,16.06797218322754,347004000000
866,16.204559326171875,347024000000
867,16.204559326171875,347044000000
868,16.227949142456055,347064000000
869,16.32304573059082,347084000000
870,16.32304573059082,347104000000
871,16.444538116455078,347124000000
872,16.444538116455078,347144000000
873,16.567609786987305,347164000000
874,16.69147300720215,347184000000
875,16.69147300720215,347200000000
876,16.790611267089844,347224000000
877,16.790611267089844,347244000000
878,16.913976669311523,347264000000
879,17.01205062866211,347284000000
880,17.0365047454834,347304000000
881,17.0365047454834,347324000000
882,17.060943603515625,347344000000
883,17.060943603515625,347368000000
884,17.28138542175293,347384000000
885,17.330808639526367,347404000000
886,17.330808639526367,347424000000
887,17.45564079284668,347440000000
888,17.45564079284668,347464000000
889,17.5830020904541,347484000000
890,17.687183380126953,347504000000
891,17.71356773376465,347524000000
892,17.71356773376465,347544000000
893,17.74009132385254,347564000000
894,17.847545623779297,347584000000
895,17.847545623779297,347604000000
896,18.012298583984375,347624000000
897,18.012298583984375,347644000000
898,18.151853561401367,347664000000
899,18.292333602905273,347684000000
900,18.292333602905273,347704000000
901,18.461278915405273,347724000000
902,18.461278915405273,347744000000
903,18.489404678344727,347764000000
904,18.601648330688477,347784000000
905,18.601648330688477,347804000000
906,18.71332359313965,347824000000
907,18.71332359313965,347844000000
908,18.85199737548828,347864000000
909,18.85199737548828,347884000000
910,19.07183265686035,347904000000
911,19.07183265686035,347924000000
912,19.07183265686035,347944000000
913,19.09917640686035,347964000000
914,19.23558807373047,347984000000
915,19.398853302001953,348004000000
916,19.398853302001953,348024000000
917,19.398853302001953,348044000000
918,19.53504180908203,348064000000
919,19.699079513549805,348084000000
920,19.726482391357422,348104000000
921,19.726482391357422,348124000000
922,19.86373519897461,348140000000
923,19.86373519897461,348164000000
924,20.028945922851562,348184000000
925,20.084131240844727,348204000000
926,20.084131240844727,348224000000
927,20.139379501342773,348244000000
928,20.139379501342773,348264000000
929,20.27774429321289,348284000000
930,20.416486740112305,348304000000
931,20.416486740112305,348324000000
932,20.416486740112305,348344000000
933,20.555715560913086,348364000000
934,20.695476531982422,348384000000
935,20.807693481445312,348404000000
936,20.807693481445312,348424000000
937,20.807693481445312,348444000000
938,20.835811614990234,348464000000
939,20.948556900024414,348484000000
940,20.948556900024414,348504000000
941,21.118539810180664,348524000000
942,21.118539810180664,348540000000
943,21.261043548583984,348564000000
944,21.43313217163086,348584000000
945,21.490753173828125,348604000000
946,21.490753173828125,348624000000
947,21.519611358642578,348644000000
948,21.519611358642578,348664000000
949,21.780771255493164,348684000000
950,21.839176177978516,348704000000
951,21.839176177978516,348724000000
952,21.868427276611328,348744000000
953,21.868427276611328,348772000000
954,22.015138626098633,348784000000
955,22.192115783691406,348804000000
956,22.221702575683594,348824000000
957,22.251312255859375,348844000000
958,22.251312255859375,348864000000
959,22.369949340820312,348884000000
960,22.51858139038086,348904000000
961,22.51858139038086,348924000000
962,22.726974487304688,348944000000
963,22.726974487304688,348964000000
964,22.90556526184082,348984000000
965,22.994722366333008,349004000000
966,23.024410247802734,349024000000
967,23.024410247802734,349044000000
968,23.0540771484375,349064000000
969,23.172536849975586,349084000000
970,23.172536849975586,349104000000
971,23.320051193237305,349124000000
972,23.320051193237305,349144000000
973,23.320051193237305,349164000000
974,23.64154624938965,349184000000
975,23.64154624938965,349204000000
976,23.64154624938965,349224000000
977,23.75718116760254,349244000000
978,23.900585174560547,349264000000
979,23.900585174560547,349284000000
980,24.070837020874023,349304000000
981,24.070837020874023,349324000000
982,24.09901237487793,349344000000
983,24.09901237487793,349364000000
984,24.09901237487793,349384000000
985,24.377578735351562,349404000000
986,24.432615280151367,349420000000
987,24.432615280151367,349444000000
988,24.569297790527344,349464000000
989,24.704776763916016,349484000000
990,24.704776763916016,349504000000
991,24.704776763916016,349524000000
992,24.73174285888672,349544000000
993,24.73174285888672,349564000000
994,24.999380111694336,349584000000
995,24.999380111694336,349604000000
996,25.052536010742188,349624000000
997,25.185016632080078,349644000000
998,25.185016632080078,349664000000
999,25.343400955200195,349684000000
1000,25.39610481262207,349704000000
1001,25.39610481262207,349724000000
1002,25.448787689208984,349744000000
1003,25.448787689208984,349764000000
1004,25.580490112304688,349784000000
1005,25.580490112304688,349804000000
1006,25.712326049804688,349824000000
1007,25.712326049804688,349844000000
1008,25.844505310058594,349864000000
1009,25.977266311645508,349884000000
1010,25.977266311645508,349904000000
1011,26.084087371826172,349924000000
1012,26.191579818725586,349944000000
1013,26.191579818725586,349964000000
1014,26.354291915893555,349984000000
1015,26.408977508544922,350004000000
1016,26.408977508544922,350024000000
1017,26.43640899658203,350044000000
1018,26.43640899658203,350064000000
1019,26.546728134155273,350084000000
1020,26.7421932220459,350104000000
1021,26.7421932220459,350124000000
1022,26.798641204833984,350144000000
1023,26.798641204833984,350164000000
1024,27.05620765686035,350184000000
1025,27.114255905151367,350204000000
1026,27.114255905151367,350224000000
1027,27.143394470214844,350244000000
1028,27.143394470214844,350264000000
1029,27.409170150756836,350284000000
1030,27.409170150756836,350304000000
1031,27.469104766845703,350324000000
1032,27.58993911743164,350344000000
1033,27.58993911743164,350364000000
1034,27.773630142211914,350384000000
1035,27.773630142211914,350404000000
1036,27.835508346557617,350424000000
1037,27.99163818359375,350444000000
1038,27.99163818359375,350464000000
1039,28.213560104370117,350484000000
1040,28.213560104370117,350504000000
1041,28.27765464782715,350520000000
1042,28.27765464782715,350544000000
1043,28.43918800354004,350564000000
1044,28.60252571105957,350584000000
1045,28.668354034423828,350604000000
1046,28.668354034423828,350624000000
1047,28.834121704101562,350644000000
1048,28.834121704101562,350664000000
1049,29.00151252746582,350684000000
1050,29.068904876708984,350704000000
1051,29.068904876708984,350724000000
1052,29.13653564453125,350744000000
1053,29.13653564453125,350764000000
1054,29.306625366210938,350784000000
1055,29.478084564208984,350804000000
1056,29.478084564208984,350824000000
1057,29.547027587890625,350840000000
1058,29.547027587890625,350864000000
1059,29.68548583984375,350884000000
1060,29.894493103027344,350904000000
1061,29.894493103027344,350924000000
1062,30.140090942382812,350944000000
1063,30.140090942382812,350968000000
1064,30.316463470458984,350984000000
1065,30.387191772460938,351004000000
1066,30.387191772460938,351024000000
1067,30.45802116394043,351044000000
1068,30.45802116394043,351064000000
1069,30.635475158691406,351084000000
1070,30.848907470703125,351104000000
1071,30.848907470703125,351124000000
1072,31.026935577392578,351144000000
1073,31.026935577392578,351164000000
1074,31.2049617767334,351184000000
1075,31.27613067626953,351204000000
1076,31.27613067626953,351224000000
1077,31.41832160949707,351244000000
1078,31.41832160949707,351264000000
1079,31.631052017211914,351284000000
1080,31.701810836791992,351304000000
1081,31.701810836791992,351324000000
1082,31.843053817749023,351344000000
1083,31.843053817749023,351364000000
1084,32.12403869628906,351384000000
1085,32.12403869628906,351404000000
1086,32.12403869628906,351424000000
1087,32.158992767333984,351444000000
1088,32.158992767333984,351464000000
1089,32.50627136230469,351484000000
1090,32.50627136230469,351504000000
1091,32.575164794921875,351524000000
1092,32.7464714050293,351544000000
1093,32.7464714050293,351564000000
1094,32.9163932800293,351584000000
1095,32.98395919799805,351604000000
1096,32.98395919799805,351624000000
1097,33.0512809753418,351644000000
1098,33.0512809753418,351664000000
1099,33.383975982666016,351684000000
1100,33.383975982666016,351704000000
1101,33.44970703125,351724000000
1102,33.612815856933594,351744000000
1103,33.612815856933594,351764000000
1104,33.612815856933594,351784000000
1105,33.87008285522461,351804000000
1106,33.87008285522461,351824000000
1107,33.90192413330078,351844000000
1108,33.90192413330078,351860000000
1109,34.18536376953125,351884000000
1110,34.18536376953125,351904000000
1111,34.18536376953125,351924000000
1112,34.401947021484375,351944000000
1113,34.401947021484375,351964000000
1114,34.401947021484375,351984000000
1115,34.64550018310547,352004000000
1116,34.64550018310547,352024000000
1117,34.6756591796875,352044000000
1118,34.6756591796875,352064000000
1119,34.79566955566406,352084000000
1120,34.944313049316406,352104000000
1121,34.944313049316406,352124000000
1122,35.14992904663086,352144000000
1123,35.14992904663086,352164000000
1124,35.29509353637695,352184000000
1125,35.38154602050781,352204000000
1126,35.438926696777344,352224000000
1127,35.438926696777344,352244000000
1128,35.46754455566406,352264000000
1129,35.46754455566406,352284000000
1130,35.5815315246582,352304000000
1131,35.5815315246582,352324000000
1132,35.751155853271484,352344000000
1133,35.751155853271484,352364000000
1134,36.00285720825195,352384000000
1135,36.05839157104492,352404000000
1136,36.05839157104492,352424000000
1137,36.08610534667969,352444000000
1138,36.08610534667969,352464000000
1139,36.1966438293457,352484000000
1140,36.36153030395508,352504000000
1141,36.36153030395508,352524000000
1142,36.55261993408203,352544000000
1143,36.55261993408203,352564000000
1144,36.68838119506836,352584000000
1145,36.7154655456543,352604000000
1146,36.7154655456543,352624000000
1147,36.742530822753906,352644000000
1148,36.742530822753906,352664000000
1149,36.850589752197266,352684000000
1150,37.01216125488281,352704000000
1151,37.01216125488281,352724000000
1152,37.11957931518555,352744000000
1153,37.11957931518555,352764000000
1154,37.200008392333984,352784000000
1155,37.33384704589844,352804000000
1156,37.33384704589844,352824000000
1157,37.54755783081055,352852000000
1158,37.54755783081055,352864000000
1159,37.707576751708984,352884000000
1160,37.7608757019043,352904000000
1161,37.7608757019043,352924000000
1162,37.78751754760742,352944000000
1163,37.78751754760742,352964000000
1164,38.027103424072266,352984000000
1165,38.027103424072266,353004000000
1166,38.08030319213867,353024000000
1167,38.213253021240234,353044000000
1168,38.213253021240234,353076000000
1169,38.34614944458008,353084000000
1170,38.34614944458008,353104000000
1171,38.479000091552734,353124000000
1172,38.479000091552734,353144000000
1173,38.63836669921875,353164000000
1174,38.63836669921875,353184000000
1175,38.77113723754883,353204000000
1176,38.77113723754883,353220000000
1177,38.79768753051758,353244000000
1178,38.79768753051758,353264000000
1179,38.903873443603516,353284000000
1180,39.0630989074707,353304000000
1181,39.0630989074707,353324000000
1182,39.195716857910156,353344000000
1183,39.195716857910156,353364000000
1184,39.24874496459961,353384000000
1185,39.24874496459961,353404000000
1186,39.3547477722168,353424000000
1187,39.3547477722168,353444000000
1188,39.487144470214844,353464000000
1189,39.619388580322266,353484000000
1190,39.72507095336914,353504000000
1191,39.72507095336914,353524000000
1192,39.83063507080078,353544000000
1193,39.83063507080078,353564000000
1194,39.96240234375,353584000000
1195,40.09394454956055,353604000000
1196,40.09394454956055,353624000000
1197,40.09394454956055,353644000000
1198,40.225242614746094,353664000000
1199,40.35625457763672,353684000000
1200,40.408573150634766,353704000000
1201,40.408573150634766,353724000000
1202,40.46084213256836,353744000000
1203,40.46084213256836,353764000000
1204,40.591278076171875,353784000000
1205,40.591278076171875,353804000000
1206,40.74728775024414,353824000000
1207,40.74728775024414,353844000000
1208,40.876834869384766,353864000000
1209,41.005943298339844,353884000000
1210,41.05745315551758,353904000000
1211,41.05745315551758,353924000000
1212,41.08317947387695,353944000000
1213,41.08317947387695,353964000000
1214,41.18588638305664,353984000000
1215,41.18588638305664,354004000000
1216,41.31381607055664,354020000000
1217,41.31381607055664,354044000000
1218,41.31381607055664,354064000000
1219,41.44124221801758,354084000000
1220,41.568138122558594,354104000000
1221,41.568138122558594,354124000000
1222,41.71968460083008,354144000000
1223,41.71968460083008,354160000000
1224,41.82026672363281,354184000000
1225,41.99535369873047,354204000000
1226,42.020267486572266,354236000000
1227,42.020267486572266,354244000000
1228,42.14444351196289,354264000000
1229,42.14444351196289,354284000000
1230,42.26795959472656,354304000000
1231,42.26795959472656,354324000000
1232,42.39080047607422,354344000000
1233,42.39080047607422,354364000000
1234,42.512977600097656,354384000000
1235,42.634517669677734,354404000000
1236,42.634517669677734,354424000000
1237,42.634517669677734,354436000000
1238,42.755409240722656,354468000000
1239,42.87566375732422,354484000000
1240,42.923587799072266,354504000000
1241,42.923587799072266,354524000000
1242,42.947513580322266,354544000000
1243,42.947513580322266,354564000000
1244,43.04296875,354584000000
1245,43.16172409057617,354604000000
1246,43.209049224853516,354624000000
1247,43.30338668823242,354644000000
1248,43.30338668823242,354664000000
1249,43.44414520263672,354684000000
1250,43.44414520263672,354700000000
1251,43.490867614746094,354724000000
1252,43.60725021362305,354744000000
1253,43.60725021362305,354764000000
1254,43.723026275634766,354784000000
1255,43.769168853759766,354804000000
1256,43.815223693847656,354824000000
1257,43.815223693847656,354844000000
1258,43.92995834350586,354864000000
1259,44.044124603271484,354884000000
1260,44.066890716552734,354904000000
1261,44.066890716552734,354924000000
1262,44.15773391723633,354944000000
1263,44.15773391723633,354964000000
1264,44.2933464050293,354984000000
1265,44.383331298828125,355004000000
1266,44.383331298828125,355024000000
1267,44.383331298828125,355040000000
1268,44.495357513427734,355064000000
1269,44.60689163208008,355084000000
1270,44.6291389465332,355104000000
1271,44.6291389465332,355124000000
1272,44.7401008605957,355144000000
1273,44.7401008605957,355164000000
1274,44.85060501098633,355184000000
1275,44.938690185546875,355204000000
1276,44.938690185546875,355224000000
1277,44.938690185546875,355244000000
1278,44.96066665649414,355268000000
1279,44.96066665649414,355284000000
1280,45.04840087890625,355304000000
1281,45.15766906738281,355324000000
1282,45.15766906738281,355344000000
1283,45.28822708129883,355360000000
1284,45.396568298339844,355384000000
1285,45.482948303222656,355404000000
1286,45.5045051574707,355424000000
1287,45.5045051574707,355444000000
1288,45.52604675292969,355464000000
1289,45.52604675292969,355484000000
1290,45.71921920776367,355504000000
1291,45.7406120300293,355524000000
1292,45.761985778808594,355544000000
1293,45.761985778808594,355560000000
1294,45.9537239074707,355584000000
1295,45.99617385864258,355604000000
1296,45.99617385864258,355624000000
1297,46.01737976074219,355644000000
1298,46.01737976074219,355664000000
1299,46.01737976074219,355684000000
1300,46.2286491394043,355704000000
1301,46.270729064941406,355724000000
1302,46.31275177001953,355744000000
1303,46.31275177001953,355764000000
1304,46.48027420043945,355784000000
1305,46.48027420043945,355804000000
1306,46.52201461791992,355824000000
1307,46.6261100769043,355844000000
1308,46.6261100769043,355864000000
1309,46.750579833984375,355884000000
1310,46.771278381347656,355904000000
1311,46.771278381347656,355924000000
1312,46.791961669921875,355944000000
1313,46.791961669921875,355964000000
1314,46.99807357788086,355984000000
1315,47.018611907958984,356004000000
1316,47.018611907958984,356024000000
1317,47.03913497924805,356044000000
1318,47.03913497924805,356064000000
1319,47.12109375,356084000000
1320,47.243614196777344,356104000000
1321,47.284339904785156,356124000000
1322,47.38591003417969,356140000000
1323,47.38591003417969,356164000000
1324,47.50731658935547,356184000000
1325,47.52750015258789,356204000000
1326,47.54766845703125,356224000000
1327,47.54766845703125,356244000000
1328,47.648292541503906,356264000000
1329,47.648292541503906,356284000000
1330,47.80854797363281,356304000000
1331,47.80854797363281,356324000000
1332,47.90824890136719,356344000000
1333,47.90824890136719,356364000000
1334,48.00758361816406,356384000000
1335,48.04721450805664,356404000000
1336,48.04721450805664,356424000000
1337,48.06700897216797,356444000000
1338,48.06700897216797,356464000000
1339,48.244476318359375,356484000000
1340,48.244476318359375,356504000000
1341,48.283748626708984,356524000000
1342,48.38166046142578,356544000000
1343,48.38166046142578,356564000000
1344,48.4986572265625,356584000000
1345,48.53753662109375,356604000000
1346,48.53753662109375,356624000000
1347,48.634456634521484,356644000000
1348,48.634456634521484,356664000000
1349,48.750267028808594,356684000000
1350,48.7695198059082,356704000000
1351,48.7695198059082,356724000000
1352,48.788753509521484,356744000000
1353,48.788753509521484,356764000000
1354,48.98027420043945,356784000000
1355,48.99934387207031,356804000000
1356,48.99934387207031,356824000000
1357,49.01839828491211,356844000000
1358,49.01839828491211,356864000000
1359,49.09446716308594,356884000000
1360,49.20811080932617,356904000000
1361,49.24586486816406,356924000000
1362,49.339988708496094,356944000000
1363,49.339988708496094,356964000000
1364,49.471107482910156,356984000000
1365,49.471107482910156,356996000000
1366,49.471107482910156,357024000000
1367,49.489776611328125,357044000000
1368,49.489776611328125,357064000000
1369,49.56429672241211,357084000000
1370,49.56429672241211,357104000000
1371,49.65711212158203,357128000000
1372,49.65711212158203,357144000000
1373,49.84164810180664,357164000000
1374,49.84164810180664,357184000000
1375,49.951690673828125,357204000000
1376,49.951690673828125,357224000000
1377,49.9699821472168,357244000000
1378,49.9699821472168,357264000000
1379,50.02477264404297,357284000000
1380,50.13395309448242,357304000000
1381,50.20643997192383,357324000000
1382,50.20643997192383,357344000000
1383,50.29671096801758,357364000000
1384,50.368656158447266,357384000000
1385,50.404537200927734,357404000000
1386,50.404537200927734,357424000000
1387,50.422454833984375,357444000000
1388,50.422454833984375,357464000000
1389,50.600852966308594,357484000000
1390,50.6363639831543,357504000000
1391,50.6363639831543,357524000000
1392,50.65409851074219,357544000000
1393,50.65409851074219,357564000000
1394,50.81311798095703,357584000000
1395,50.81311798095703,357604000000
1396,50.84831237792969,357624000000
1397,50.93607711791992,357644000000
1398,50.93607711791992,357664000000
1399,51.04096221923828,357684000000
1400,51.05839538574219,357704000000
1401,51.05839538574219,357724000000
1402,51.14537811279297,357744000000
1403,51.14537811279297,357764000000
1404,51.2666015625,357784000000
1405,51.2666015625,357804000000
1406,51.2666015625,357824000000
1407,51.283870697021484,357844000000
1408,51.283870697021484,357864000000
1409,51.4558219909668,357884000000
1410,51.49006271362305,357904000000
1411,51.49006271362305,357924000000
1412,51.575435638427734,357944000000
1413,51.575435638427734,357964000000
1414,51.66050720214844,357984000000
1415,51.69445037841797,358004000000
1416,51.72834396362305,358024000000
1417,51.72834396362305,358044000000
1418,51.8128662109375,358068000000
1419,51.8970832824707,358084000000
1420,51.930686950683594,358104000000
1421,51.930686950683594,358124000000
1422,51.94746780395508,358144000000
1423,51.94746780395508,358164000000
1424,52.09797286987305,358184000000
1425,52.09797286987305,358204000000
1426,52.131282806396484,358224000000
1427,52.197757720947266,358244000000
1428,52.197757720947266,358264000000
